rel_id,source_id,target_id,relationship_type,confidence,date,evidence_id,notes
R0001,P108,P067,ASSOCIATED_WITH,0.95,2026-06-15,EVIDENCE-REL,Limited association
R0002,P041,P218,ASSOCIATED_WITH,0.93,2026-06-15,EVIDENCE-REL,Limited association
R0003,P354,P391,ASSOCIATED_WITH,0.94,2026-06-15,EVIDENCE-REL,Limited association
R0004,P402,P058,ASSOCIATED_WITH,0.81,2026-06-15,EVIDENCE-REL,Limited association
R0005,P040,P010,ASSOCIATED_WITH,0.89,2026-06-15,EVIDENCE-REL,Limited association
R0006,P397,P248,ASSOCIATED_WITH,0.92,2026-06-15,EVIDENCE-REL,Limited association
R0007,P388,P221,ASSOCIATED_WITH,0.73,2026-06-15,EVIDENCE-REL,Limited association
R0008,P022,P101,ASSOCIATED_WITH,0.95,2026-06-15,EVIDENCE-REL,Limited association
R0009,P056,P017,ASSOCIATED_WITH,0.87,2026-06-15,EVIDENCE-REL,Limited association
R0010,P407,P338,ASSOCIATED_WITH,0.92,2026-06-15,EVIDENCE-REL,Limited association
R0011,P263,P304,ASSOCIATED_WITH,0.88,2026-06-15,EVIDENCE-REL,Limited association
R0012,P031,P241,ASSOCIATED_WITH,0.95,2026-06-15,EVIDENCE-REL,Limited association
R0013,P061,P466,ASSOCIATED_WITH,0.89,2026-06-15,EVIDENCE-REL,Limited association
R0014,P130,P023,ASSOCIATED_WITH,0.91,2026-06-15,EVIDENCE-REL,Limited association
R0015,P034,P155,ASSOCIATED_WITH,0.78,2026-06-15,EVIDENCE-REL,Limited association
R0016,P342,P006,ASSOCIATED_WITH,0.85,2026-06-15,EVIDENCE-REL,Limited association
R0017,P387,P050,ASSOCIATED_WITH,0.79,2026-06-15,EVIDENCE-REL,Limited association
R0018,P401,P064,ASSOCIATED_WITH,0.95,2026-06-15,EVIDENCE-REL,Limited association
R0019,P309,P106,ASSOCIATED_WITH,0.81,2026-06-15,EVIDENCE-REL,Limited association
R0020,P301,P103,ASSOCIATED_WITH,0.91,2026-06-15,EVIDENCE-REL,Limited association
R0021,P095,P344,ASSOCIATED_WITH,0.75,2026-06-15,EVIDENCE-REL,Limited association
R0022,P180,P015,ASSOCIATED_WITH,0.93,2026-06-15,EVIDENCE-REL,Limited association
R0023,P047,P075,ASSOCIATED_WITH,0.93,2026-06-15,EVIDENCE-REL,Limited association
R0024,P434,P383,ASSOCIATED_WITH,0.81,2026-06-15,EVIDENCE-REL,Limited association
R0025,P143,P297,ASSOCIATED_WITH,0.94,2026-06-15,EVIDENCE-REL,Limited association
R0026,P179,P181,ASSOCIATED_WITH,0.81,2026-06-15,EVIDENCE-REL,Limited association
R0027,P083,P438,ASSOCIATED_WITH,0.95,2026-06-15,EVIDENCE-REL,Limited association
R0028,P257,P400,ASSOCIATED_WITH,0.78,2026-06-15,EVIDENCE-REL,Limited association
R0029,P374,P314,ASSOCIATED_WITH,0.74,2026-06-15,EVIDENCE-REL,Limited association
R0030,P124,P259,ASSOCIATED_WITH,0.92,2026-06-15,EVIDENCE-REL,Limited association
R0031,P292,P035,ASSOCIATED_WITH,0.78,2026-06-15,EVIDENCE-REL,Limited association
R0032,P051,P420,ASSOCIATED_WITH,0.77,2026-06-15,EVIDENCE-REL,Limited association
R0033,P451,P495,ASSOCIATED_WITH,0.93,2026-06-15,EVIDENCE-REL,Limited association
R0034,P008,P271,ASSOCIATED_WITH,0.94,2026-06-15,EVIDENCE-REL,Limited association
R0035,P112,P367,ASSOCIATED_WITH,0.87,2026-06-15,EVIDENCE-REL,Limited association
R0036,P099,P145,ASSOCIATED_WITH,0.93,2026-06-15,EVIDENCE-REL,Limited association
R0037,P088,P468,ASSOCIATED_WITH,0.9,2026-06-15,EVIDENCE-REL,Limited association
R0038,P276,P003,ASSOCIATED_WITH,0.82,2026-06-15,EVIDENCE-REL,Limited association
R0039,P372,P447,ASSOCIATED_WITH,0.73,2026-06-15,EVIDENCE-REL,Limited association
R0040,P110,P441,ASSOCIATED_WITH,0.93,2026-06-15,EVIDENCE-REL,Limited association
R0041,P363,P244,ASSOCIATED_WITH,0.92,2026-06-15,EVIDENCE-REL,Limited association
R0042,P188,P358,ASSOCIATED_WITH,0.95,2026-06-15,EVIDENCE-REL,Limited association
R0043,P302,P460,ASSOCIATED_WITH,0.83,2026-06-15,EVIDENCE-REL,Limited association
R0044,P226,P345,ASSOCIATED_WITH,0.82,2026-06-15,EVIDENCE-REL,Limited association
R0045,P055,P093,ASSOCIATED_WITH,0.92,2026-06-15,EVIDENCE-REL,Limited association
R0046,P182,P195,ASSOCIATED_WITH,0.89,2026-06-15,EVIDENCE-REL,Limited association
R0047,P497,P422,ASSOCIATED_WITH,0.93,2026-06-15,EVIDENCE-REL,Limited association
R0048,P264,P117,ASSOCIATED_WITH,0.92,2026-06-15,EVIDENCE-REL,Limited association
R0049,P209,P493,ASSOCIATED_WITH,0.92,2026-06-15,EVIDENCE-REL,Limited association
R0050,P390,P161,ASSOCIATED_WITH,0.89,2026-06-15,EVIDENCE-REL,Limited association
R0051,P465,P239,ASSOCIATED_WITH,0.84,2026-06-15,EVIDENCE-REL,Limited association
R0052,P057,P267,ASSOCIATED_WITH,0.8,2026-06-15,EVIDENCE-REL,Limited association
R0053,P070,P254,ASSOCIATED_WITH,0.86,2026-06-15,EVIDENCE-REL,Limited association
R0054,P435,P185,ASSOCIATED_WITH,0.92,2026-06-15,EVIDENCE-REL,Limited association
R0055,P361,P148,ASSOCIATED_WITH,0.9,2026-06-15,EVIDENCE-REL,Limited association
R0056,P286,P370,ASSOCIATED_WITH,0.83,2026-06-15,EVIDENCE-REL,Limited association
R0057,P021,P043,ASSOCIATED_WITH,0.73,2026-06-15,EVIDENCE-REL,Limited association
R0058,P168,P253,ASSOCIATED_WITH,0.73,2026-06-15,EVIDENCE-REL,Limited association
R0059,P060,P198,ASSOCIATED_WITH,0.87,2026-06-15,EVIDENCE-REL,Limited association
R0060,P146,P234,ASSOCIATED_WITH,0.87,2026-06-15,EVIDENCE-REL,Limited association
R0061,P308,P377,ASSOCIATED_WITH,0.91,2026-06-15,EVIDENCE-REL,Limited association
R0062,P160,P352,ASSOCIATED_WITH,0.75,2026-06-15,EVIDENCE-REL,Limited association
R0063,P228,P116,ASSOCIATED_WITH,0.82,2026-06-15,EVIDENCE-REL,Limited association
R0064,P284,P404,ASSOCIATED_WITH,0.87,2026-06-15,EVIDENCE-REL,Limited association
R0065,P149,P220,ASSOCIATED_WITH,0.8,2026-06-15,EVIDENCE-REL,Limited association
R0066,P097,P036,ASSOCIATED_WITH,0.74,2026-06-15,EVIDENCE-REL,Limited association
R0067,P419,P348,ASSOCIATED_WITH,0.76,2026-06-15,EVIDENCE-REL,Limited association
R0068,P189,P092,ASSOCIATED_WITH,0.84,2026-06-15,EVIDENCE-REL,Limited association
R0069,P007,P346,ASSOCIATED_WITH,0.95,2026-06-15,EVIDENCE-REL,Limited association
R0070,P252,P413,ASSOCIATED_WITH,0.92,2026-06-15,EVIDENCE-REL,Limited association
R0071,P054,P203,ASSOCIATED_WITH,0.9,2026-06-15,EVIDENCE-REL,Limited association
R0072,P225,P268,ASSOCIATED_WITH,0.92,2026-06-15,EVIDENCE-REL,Limited association
R0073,P481,P347,ASSOCIATED_WITH,0.88,2026-06-15,EVIDENCE-REL,Limited association
R0074,P044,P062,ASSOCIATED_WITH,0.91,2026-06-15,EVIDENCE-REL,Limited association
R0075,P074,P359,ASSOCIATED_WITH,0.8,2026-06-15,EVIDENCE-REL,Limited association
R0076,P206,P303,ASSOCIATED_WITH,0.83,2026-06-15,EVIDENCE-REL,Limited association
R0077,P053,P087,ASSOCIATED_WITH,0.9,2026-06-15,EVIDENCE-REL,Limited association
R0078,P472,P187,ASSOCIATED_WITH,0.78,2026-06-15,EVIDENCE-REL,Limited association
R0079,P102,P174,ASSOCIATED_WITH,0.88,2026-06-15,EVIDENCE-REL,Limited association
R0080,P461,P305,ASSOCIATED_WITH,0.92,2026-06-15,EVIDENCE-REL,Limited association
R0081,P207,P063,ASSOCIATED_WITH,0.91,2026-06-15,EVIDENCE-REL,Limited association
R0082,P063,P120,ASSOCIATED_WITH,0.77,2026-06-15,EVIDENCE-REL,Limited association
R0083,P408,P256,ASSOCIATED_WITH,0.82,2026-06-15,EVIDENCE-REL,Limited association
R0084,P256,P452,ASSOCIATED_WITH,0.76,2026-06-15,EVIDENCE-REL,Limited association
R0085,P298,P479,ASSOCIATED_WITH,0.93,2026-06-15,EVIDENCE-REL,Limited association
R0086,P479,P140,ASSOCIATED_WITH,0.95,2026-06-15,EVIDENCE-REL,Limited association
R0087,P330,P205,ASSOCIATED_WITH,0.93,2026-06-15,EVIDENCE-REL,Limited association
R0088,P205,P183,ASSOCIATED_WITH,0.77,2026-06-15,EVIDENCE-REL,Limited association
R0089,P368,P464,ASSOCIATED_WITH,0.95,2026-06-15,EVIDENCE-REL,Limited association
R0090,P464,P208,ASSOCIATED_WITH,0.94,2026-06-15,EVIDENCE-REL,Limited association
R0091,P249,P262,ASSOCIATED_WITH,0.88,2026-06-15,EVIDENCE-REL,Limited association
R0092,P262,P335,ASSOCIATED_WITH,0.87,2026-06-15,EVIDENCE-REL,Limited association
R0093,P076,P233,ASSOCIATED_WITH,0.94,2026-06-15,EVIDENCE-REL,Limited association
R0094,P233,P484,ASSOCIATED_WITH,0.95,2026-06-15,EVIDENCE-REL,Limited association
R0095,P339,P129,ASSOCIATED_WITH,0.77,2026-06-15,EVIDENCE-REL,Limited association
R0096,P129,P251,ASSOCIATED_WITH,0.89,2026-06-15,EVIDENCE-REL,Limited association
R0097,P255,P119,ASSOCIATED_WITH,0.76,2026-06-15,EVIDENCE-REL,Limited association
R0098,P119,P069,ASSOCIATED_WITH,0.82,2026-06-15,EVIDENCE-REL,Limited association
R0099,P016,P423,ASSOCIATED_WITH,0.82,2026-06-15,EVIDENCE-REL,Limited association
R0100,P423,P028,ASSOCIATED_WITH,0.78,2026-06-15,EVIDENCE-REL,Limited association
R0101,P439,P336,ASSOCIATED_WITH,0.74,2026-06-15,EVIDENCE-REL,Limited association
R0102,P336,P014,ASSOCIATED_WITH,0.81,2026-06-15,EVIDENCE-REL,Limited association
R0103,P365,P196,ASSOCIATED_WITH,0.95,2026-06-15,EVIDENCE-REL,Limited association
R0104,P196,P386,ASSOCIATED_WITH,0.75,2026-06-15,EVIDENCE-REL,Limited association
R0105,P079,P156,ASSOCIATED_WITH,0.89,2026-06-15,EVIDENCE-REL,Limited association
R0106,P156,P467,ASSOCIATED_WITH,0.82,2026-06-15,EVIDENCE-REL,Limited association
R0107,P492,P490,ASSOCIATED_WITH,0.94,2026-06-15,EVIDENCE-REL,Limited association
R0108,P490,P385,ASSOCIATED_WITH,0.83,2026-06-15,EVIDENCE-REL,Limited association
R0109,P399,P104,ASSOCIATED_WITH,0.88,2026-06-15,EVIDENCE-REL,Limited association
R0110,P104,P151,ASSOCIATED_WITH,0.75,2026-06-15,EVIDENCE-REL,Limited association
R0111,P316,P362,ASSOCIATED_WITH,0.89,2026-06-15,EVIDENCE-REL,Limited association
R0112,P362,P421,ASSOCIATED_WITH,0.77,2026-06-15,EVIDENCE-REL,Limited association
R0113,P134,P278,ASSOCIATED_WITH,0.93,2026-06-15,EVIDENCE-REL,Limited association
R0114,P278,P176,ASSOCIATED_WITH,0.91,2026-06-15,EVIDENCE-REL,Limited association
R0115,P277,P280,ASSOCIATED_WITH,0.79,2026-06-15,EVIDENCE-REL,Limited association
R0116,P280,P491,ASSOCIATED_WITH,0.84,2026-06-15,EVIDENCE-REL,Limited association
R0117,P483,P487,ASSOCIATED_WITH,0.75,2026-06-15,EVIDENCE-REL,Limited association
R0118,P487,P476,ASSOCIATED_WITH,0.93,2026-06-15,EVIDENCE-REL,Limited association
R0119,P197,P231,ASSOCIATED_WITH,0.86,2026-06-15,EVIDENCE-REL,Limited association
R0120,P231,P162,ASSOCIATED_WITH,0.96,2026-06-15,EVIDENCE-REL,Limited association
R0121,P001,P002,COMMUNICATES_WITH,0.93,2026-05-12,EVIDENCE-C001,Demo investigation link
R0122,P002,P003,ASSOCIATED_WITH,0.93,2026-05-12,EVIDENCE-C001,Demo investigation link
R0123,P003,P005,ASSOCIATED_WITH,0.93,2026-05-12,EVIDENCE-C001,Demo investigation link
R0124,P373,C001,INVOLVED_IN,0.79,2026-03-14,EVIDENCE-C001,Case association
R0125,P347,C001,INVOLVED_IN,0.93,2026-01-10,EVIDENCE-C001,Case association
R0126,P121,C002,INVOLVED_IN,0.85,2026-04-12,EVIDENCE-C002,Case association
R0127,P317,C002,INVOLVED_IN,0.88,2026-08-03,EVIDENCE-C002,Case association
R0128,P241,C003,INVOLVED_IN,0.95,2026-07-22,EVIDENCE-C003,Case association
R0129,P069,C003,INVOLVED_IN,0.8,2026-07-23,EVIDENCE-C003,Case association
R0130,P377,C004,INVOLVED_IN,0.81,2026-02-18,EVIDENCE-C004,Case association
R0131,P306,C004,INVOLVED_IN,0.76,2026-06-08,EVIDENCE-C004,Case association
R0132,P466,C005,INVOLVED_IN,0.98,2026-01-01,EVIDENCE-C005,Case association
R0133,P182,C005,INVOLVED_IN,0.81,2026-07-10,EVIDENCE-C005,Case association
R0134,P344,C006,INVOLVED_IN,0.78,2026-01-19,EVIDENCE-C006,Case association
R0135,P190,C006,INVOLVED_IN,0.79,2026-03-17,EVIDENCE-C006,Case association
R0136,P477,C007,INVOLVED_IN,0.95,2026-03-03,EVIDENCE-C007,Case association
R0137,P174,C007,INVOLVED_IN,0.82,2026-07-05,EVIDENCE-C007,Case association
R0138,P060,C008,INVOLVED_IN,0.76,2026-03-16,EVIDENCE-C008,Case association
R0139,P161,C008,INVOLVED_IN,0.95,2026-05-24,EVIDENCE-C008,Case association
R0140,P475,C009,INVOLVED_IN,0.82,2026-05-20,EVIDENCE-C009,Case association
R0141,P221,C009,INVOLVED_IN,0.94,2026-05-17,EVIDENCE-C009,Case association
R0142,P224,C010,INVOLVED_IN,0.79,2026-08-25,EVIDENCE-C010,Case association
R0143,P458,C010,INVOLVED_IN,0.97,2026-08-02,EVIDENCE-C010,Case association
R0144,P077,C011,INVOLVED_IN,0.8,2026-01-16,EVIDENCE-C011,Case association
R0145,P028,C011,INVOLVED_IN,0.81,2026-08-14,EVIDENCE-C011,Case association
R0146,P459,C012,INVOLVED_IN,0.86,2026-08-12,EVIDENCE-C012,Case association
R0147,P475,C012,INVOLVED_IN,0.98,2026-08-15,EVIDENCE-C012,Case association
R0148,P058,C013,INVOLVED_IN,0.92,2026-03-04,EVIDENCE-C013,Case association
R0149,P434,C013,INVOLVED_IN,0.83,2026-04-28,EVIDENCE-C013,Case association
R0150,P093,C014,INVOLVED_IN,0.79,2026-05-19,EVIDENCE-C014,Case association
R0151,P428,C014,INVOLVED_IN,0.95,2026-04-19,EVIDENCE-C014,Case association
R0152,P270,C015,INVOLVED_IN,0.88,2026-07-03,EVIDENCE-C015,Case association
R0153,P393,C015,INVOLVED_IN,0.81,2026-08-22,EVIDENCE-C015,Case association
R0154,P455,C016,INVOLVED_IN,0.76,2026-02-13,EVIDENCE-C016,Case association
R0155,P169,C016,INVOLVED_IN,0.84,2026-02-27,EVIDENCE-C016,Case association
R0156,P079,C017,INVOLVED_IN,0.77,2026-08-15,EVIDENCE-C017,Case association
R0157,P015,C017,INVOLVED_IN,0.89,2026-05-20,EVIDENCE-C017,Case association
R0158,P003,C018,INVOLVED_IN,0.76,2026-08-11,EVIDENCE-C018,Case association
R0159,P169,C018,INVOLVED_IN,0.97,2026-03-07,EVIDENCE-C018,Case association
R0160,P497,C018,INVOLVED_IN,0.95,2026-05-11,EVIDENCE-C018,Case association
R0161,P381,C019,INVOLVED_IN,0.88,2026-07-03,EVIDENCE-C019,Case association
R0162,P037,C019,INVOLVED_IN,0.84,2026-03-08,EVIDENCE-C019,Case association
R0163,P046,C020,INVOLVED_IN,0.95,2026-03-13,EVIDENCE-C020,Case association
R0164,P011,C020,INVOLVED_IN,0.93,2026-05-21,EVIDENCE-C020,Case association
R0165,P079,C021,INVOLVED_IN,0.86,2026-07-24,EVIDENCE-C021,Case association
R0166,P062,C021,INVOLVED_IN,0.94,2026-05-22,EVIDENCE-C021,Case association
R0167,P153,C021,INVOLVED_IN,0.89,2026-06-22,EVIDENCE-C021,Case association
R0168,P427,C022,INVOLVED_IN,0.87,2026-08-15,EVIDENCE-C022,Case association
R0169,P189,C022,INVOLVED_IN,0.95,2026-08-09,EVIDENCE-C022,Case association
R0170,P308,C023,INVOLVED_IN,0.92,2026-06-20,EVIDENCE-C023,Case association
R0171,P217,C023,INVOLVED_IN,0.79,2026-07-03,EVIDENCE-C023,Case association
R0172,P047,C023,INVOLVED_IN,0.76,2026-06-15,EVIDENCE-C023,Case association
R0173,P115,C024,INVOLVED_IN,0.91,2026-08-17,EVIDENCE-C024,Case association
R0174,P332,C024,INVOLVED_IN,0.89,2026-02-10,EVIDENCE-C024,Case association
R0175,P352,C024,INVOLVED_IN,0.86,2026-02-26,EVIDENCE-C024,Case association
R0176,P154,C025,INVOLVED_IN,0.98,2026-05-27,EVIDENCE-C025,Case association
R0177,P077,C025,INVOLVED_IN,0.81,2026-07-10,EVIDENCE-C025,Case association
R0178,P025,C026,INVOLVED_IN,0.96,2026-02-17,EVIDENCE-C026,Case association
R0179,P283,C026,INVOLVED_IN,0.85,2026-02-15,EVIDENCE-C026,Case association
R0180,P040,C026,INVOLVED_IN,0.9,2026-05-12,EVIDENCE-C026,Case association
R0181,P300,C027,INVOLVED_IN,0.93,2026-01-04,EVIDENCE-C027,Case association
R0182,P042,C027,INVOLVED_IN,0.92,2026-08-06,EVIDENCE-C027,Case association
R0183,P432,C028,INVOLVED_IN,0.76,2026-07-23,EVIDENCE-C028,Case association
R0184,P202,C028,INVOLVED_IN,0.82,2026-08-25,EVIDENCE-C028,Case association
R0185,P231,C029,INVOLVED_IN,0.81,2026-03-07,EVIDENCE-C029,Case association
R0186,P320,C029,INVOLVED_IN,0.79,2026-05-28,EVIDENCE-C029,Case association
R0187,P414,C029,INVOLVED_IN,0.9,2026-07-18,EVIDENCE-C029,Case association
R0188,P003,C030,INVOLVED_IN,0.78,2026-03-21,EVIDENCE-C030,Case association
R0189,P203,C030,INVOLVED_IN,0.86,2026-07-28,EVIDENCE-C030,Case association
R0190,P495,C031,INVOLVED_IN,0.92,2026-05-20,EVIDENCE-C031,Case association
R0191,P382,C031,INVOLVED_IN,0.94,2026-06-23,EVIDENCE-C031,Case association
R0192,P309,C031,INVOLVED_IN,0.9,2026-07-26,EVIDENCE-C031,Case association
R0193,P045,C032,INVOLVED_IN,0.78,2026-04-04,EVIDENCE-C032,Case association
R0194,P065,C032,INVOLVED_IN,0.94,2026-04-28,EVIDENCE-C032,Case association
R0195,P108,C033,INVOLVED_IN,0.9,2026-04-14,EVIDENCE-C033,Case association
R0196,P247,C033,INVOLVED_IN,0.94,2026-04-03,EVIDENCE-C033,Case association
R0197,P395,C034,INVOLVED_IN,0.78,2026-07-01,EVIDENCE-C034,Case association
R0198,P238,C034,INVOLVED_IN,0.78,2026-03-24,EVIDENCE-C034,Case association
R0199,P228,C035,INVOLVED_IN,0.86,2026-08-19,EVIDENCE-C035,Case association
R0200,P494,C035,INVOLVED_IN,0.81,2026-05-19,EVIDENCE-C035,Case association
R0201,P249,C035,INVOLVED_IN,0.94,2026-07-02,EVIDENCE-C035,Case association
R0202,P005,C036,INVOLVED_IN,0.89,2026-07-14,EVIDENCE-C036,Case association
R0203,P053,C036,INVOLVED_IN,0.95,2026-05-02,EVIDENCE-C036,Case association
R0204,P205,C037,INVOLVED_IN,0.87,2026-08-08,EVIDENCE-C037,Case association
R0205,P249,C037,INVOLVED_IN,0.91,2026-01-14,EVIDENCE-C037,Case association
R0206,P162,C038,INVOLVED_IN,0.81,2026-07-16,EVIDENCE-C038,Case association
R0207,P284,C038,INVOLVED_IN,0.78,2026-06-15,EVIDENCE-C038,Case association
R0208,P033,C038,INVOLVED_IN,0.91,2026-01-06,EVIDENCE-C038,Case association
R0209,P372,C039,INVOLVED_IN,0.86,2026-08-08,EVIDENCE-C039,Case association
R0210,P099,C039,INVOLVED_IN,0.87,2026-06-20,EVIDENCE-C039,Case association
R0211,P337,C040,INVOLVED_IN,0.95,2026-07-14,EVIDENCE-C040,Case association
R0212,P240,C040,INVOLVED_IN,0.94,2026-06-26,EVIDENCE-C040,Case association
R0213,P068,C040,INVOLVED_IN,0.86,2026-03-20,EVIDENCE-C040,Case association
R0214,P145,C041,INVOLVED_IN,0.92,2026-08-05,EVIDENCE-C041,Case association
R0215,P354,C041,INVOLVED_IN,0.79,2026-03-20,EVIDENCE-C041,Case association
R0216,P052,C042,INVOLVED_IN,0.85,2026-08-10,EVIDENCE-C042,Case association
R0217,P407,C042,INVOLVED_IN,0.8,2026-01-01,EVIDENCE-C042,Case association
R0218,P452,C043,INVOLVED_IN,0.83,2026-03-06,EVIDENCE-C043,Case association
R0219,P134,C043,INVOLVED_IN,0.94,2026-01-26,EVIDENCE-C043,Case association
R0220,P173,C044,INVOLVED_IN,0.78,2026-04-04,EVIDENCE-C044,Case association
R0221,P221,C044,INVOLVED_IN,0.88,2026-08-09,EVIDENCE-C044,Case association
R0222,P402,C045,INVOLVED_IN,0.93,2026-05-05,EVIDENCE-C045,Case association
R0223,P182,C045,INVOLVED_IN,0.95,2026-02-23,EVIDENCE-C045,Case association
R0224,P475,C046,INVOLVED_IN,0.85,2026-08-27,EVIDENCE-C046,Case association
R0225,P485,C046,INVOLVED_IN,0.92,2026-02-26,EVIDENCE-C046,Case association
R0226,P313,C047,INVOLVED_IN,0.97,2026-01-17,EVIDENCE-C047,Case association
R0227,P401,C047,INVOLVED_IN,0.77,2026-02-28,EVIDENCE-C047,Case association
R0228,P440,C047,INVOLVED_IN,0.8,2026-06-06,EVIDENCE-C047,Case association
R0229,P150,C048,INVOLVED_IN,0.93,2026-08-24,EVIDENCE-C048,Case association
R0230,P363,C048,INVOLVED_IN,0.95,2026-03-21,EVIDENCE-C048,Case association
R0231,P227,C048,INVOLVED_IN,0.83,2026-03-04,EVIDENCE-C048,Case association
R0232,P225,C049,INVOLVED_IN,0.85,2026-01-08,EVIDENCE-C049,Case association
R0233,P497,C049,INVOLVED_IN,0.94,2026-08-11,EVIDENCE-C049,Case association
R0234,P259,C050,INVOLVED_IN,0.77,2026-06-23,EVIDENCE-C050,Case association
R0235,P088,C050,INVOLVED_IN,0.92,2026-06-21,EVIDENCE-C050,Case association
R0236,P126,C051,INVOLVED_IN,0.92,2026-07-26,EVIDENCE-C051,Case association
R0237,P078,C051,INVOLVED_IN,0.8,2026-07-14,EVIDENCE-C051,Case association
R0238,P386,C051,INVOLVED_IN,0.96,2026-08-28,EVIDENCE-C051,Case association
R0239,P407,C052,INVOLVED_IN,0.97,2026-08-05,EVIDENCE-C052,Case association
R0240,P350,C052,INVOLVED_IN,0.93,2026-02-03,EVIDENCE-C052,Case association
R0241,P186,C052,INVOLVED_IN,0.83,2026-07-25,EVIDENCE-C052,Case association
R0242,P223,C053,INVOLVED_IN,0.84,2026-01-22,EVIDENCE-C053,Case association
R0243,P032,C053,INVOLVED_IN,0.96,2026-03-19,EVIDENCE-C053,Case association
R0244,P324,C054,INVOLVED_IN,0.93,2026-05-14,EVIDENCE-C054,Case association
R0245,P366,C054,INVOLVED_IN,0.84,2026-05-24,EVIDENCE-C054,Case association
R0246,P161,C055,INVOLVED_IN,0.75,2026-05-17,EVIDENCE-C055,Case association
R0247,P466,C055,INVOLVED_IN,0.89,2026-03-23,EVIDENCE-C055,Case association
R0248,P177,C055,INVOLVED_IN,0.84,2026-04-18,EVIDENCE-C055,Case association
R0249,P404,C056,INVOLVED_IN,0.85,2026-06-26,EVIDENCE-C056,Case association
R0250,P317,C056,INVOLVED_IN,0.93,2026-07-25,EVIDENCE-C056,Case association
R0251,P334,C056,INVOLVED_IN,0.8,2026-05-03,EVIDENCE-C056,Case association
R0252,P276,C057,INVOLVED_IN,0.84,2026-03-17,EVIDENCE-C057,Case association
R0253,P172,C057,INVOLVED_IN,0.98,2026-05-07,EVIDENCE-C057,Case association
R0254,P262,C058,INVOLVED_IN,0.82,2026-06-25,EVIDENCE-C058,Case association
R0255,P283,C058,INVOLVED_IN,0.9,2026-01-01,EVIDENCE-C058,Case association
R0256,P304,C059,INVOLVED_IN,0.94,2026-05-24,EVIDENCE-C059,Case association
R0257,P133,C059,INVOLVED_IN,0.85,2026-02-24,EVIDENCE-C059,Case association
R0258,P124,C059,INVOLVED_IN,0.76,2026-06-09,EVIDENCE-C059,Case association
R0259,P260,C060,INVOLVED_IN,0.76,2026-02-15,EVIDENCE-C060,Case association
R0260,P182,C060,INVOLVED_IN,0.82,2026-01-15,EVIDENCE-C060,Case association
R0261,P064,C060,INVOLVED_IN,0.83,2026-04-26,EVIDENCE-C060,Case association
R0262,P298,C061,INVOLVED_IN,0.96,2026-04-12,EVIDENCE-C061,Case association
R0263,P290,C061,INVOLVED_IN,0.82,2026-03-23,EVIDENCE-C061,Case association
R0264,P366,C061,INVOLVED_IN,0.84,2026-04-04,EVIDENCE-C061,Case association
R0265,P265,C062,INVOLVED_IN,0.79,2026-06-15,EVIDENCE-C062,Case association
R0266,P299,C062,INVOLVED_IN,0.77,2026-07-27,EVIDENCE-C062,Case association
R0267,P042,C063,INVOLVED_IN,0.76,2026-03-16,EVIDENCE-C063,Case association
R0268,P048,C063,INVOLVED_IN,0.8,2026-02-12,EVIDENCE-C063,Case association
R0269,P270,C064,INVOLVED_IN,0.88,2026-07-28,EVIDENCE-C064,Case association
R0270,P207,C064,INVOLVED_IN,0.81,2026-08-21,EVIDENCE-C064,Case association
R0271,P302,C064,INVOLVED_IN,0.85,2026-08-23,EVIDENCE-C064,Case association
R0272,P375,C065,INVOLVED_IN,0.85,2026-03-05,EVIDENCE-C065,Case association
R0273,P499,C065,INVOLVED_IN,0.87,2026-08-23,EVIDENCE-C065,Case association
R0274,P067,C066,INVOLVED_IN,0.91,2026-02-23,EVIDENCE-C066,Case association
R0275,P496,C066,INVOLVED_IN,0.8,2026-08-02,EVIDENCE-C066,Case association
R0276,P081,C067,INVOLVED_IN,0.83,2026-02-20,EVIDENCE-C067,Case association
R0277,P484,C067,INVOLVED_IN,0.95,2026-02-04,EVIDENCE-C067,Case association
R0278,P287,C067,INVOLVED_IN,0.84,2026-05-02,EVIDENCE-C067,Case association
R0279,P079,C068,INVOLVED_IN,0.82,2026-06-10,EVIDENCE-C068,Case association
R0280,P061,C068,INVOLVED_IN,0.82,2026-01-26,EVIDENCE-C068,Case association
R0281,P191,C068,INVOLVED_IN,0.78,2026-07-02,EVIDENCE-C068,Case association
R0282,P456,C069,INVOLVED_IN,0.8,2026-08-01,EVIDENCE-C069,Case association
R0283,P146,C069,INVOLVED_IN,0.78,2026-06-03,EVIDENCE-C069,Case association
R0284,P214,C070,INVOLVED_IN,0.88,2026-08-11,EVIDENCE-C070,Case association
R0285,P247,C070,INVOLVED_IN,0.93,2026-08-27,EVIDENCE-C070,Case association
R0286,P427,C071,INVOLVED_IN,0.93,2026-08-25,EVIDENCE-C071,Case association
R0287,P311,C071,INVOLVED_IN,0.85,2026-08-05,EVIDENCE-C071,Case association
R0288,P068,C071,INVOLVED_IN,0.95,2026-06-03,EVIDENCE-C071,Case association
R0289,P341,C072,INVOLVED_IN,0.84,2026-07-11,EVIDENCE-C072,Case association
R0290,P320,C072,INVOLVED_IN,0.87,2026-08-24,EVIDENCE-C072,Case association
R0291,P210,C072,INVOLVED_IN,0.81,2026-02-28,EVIDENCE-C072,Case association
R0292,P363,C073,INVOLVED_IN,0.88,2026-05-18,EVIDENCE-C073,Case association
R0293,P013,C073,INVOLVED_IN,0.9,2026-02-07,EVIDENCE-C073,Case association
R0294,P278,C074,INVOLVED_IN,0.76,2026-04-25,EVIDENCE-C074,Case association
R0295,P296,C074,INVOLVED_IN,0.86,2026-01-04,EVIDENCE-C074,Case association
R0296,P388,C074,INVOLVED_IN,0.9,2026-03-01,EVIDENCE-C074,Case association
R0297,P403,C075,INVOLVED_IN,0.81,2026-08-03,EVIDENCE-C075,Case association
R0298,P106,C075,INVOLVED_IN,0.94,2026-06-13,EVIDENCE-C075,Case association
R0299,P024,C076,INVOLVED_IN,0.96,2026-06-14,EVIDENCE-C076,Case association
R0300,P252,C076,INVOLVED_IN,0.79,2026-01-28,EVIDENCE-C076,Case association
R0301,P442,C076,INVOLVED_IN,0.87,2026-07-09,EVIDENCE-C076,Case association
R0302,P059,C077,INVOLVED_IN,0.87,2026-05-05,EVIDENCE-C077,Case association
R0303,P051,C077,INVOLVED_IN,0.79,2026-02-05,EVIDENCE-C077,Case association
R0304,P488,C078,INVOLVED_IN,0.91,2026-01-20,EVIDENCE-C078,Case association
R0305,P209,C078,INVOLVED_IN,0.97,2026-03-01,EVIDENCE-C078,Case association
R0306,P030,C079,INVOLVED_IN,0.77,2026-03-14,EVIDENCE-C079,Case association
R0307,P153,C079,INVOLVED_IN,0.96,2026-05-13,EVIDENCE-C079,Case association
R0308,P200,C079,INVOLVED_IN,0.97,2026-02-02,EVIDENCE-C079,Case association
R0309,P123,C080,INVOLVED_IN,0.89,2026-04-16,EVIDENCE-C080,Case association
R0310,P386,C080,INVOLVED_IN,0.87,2026-07-04,EVIDENCE-C080,Case association
R0311,P032,C081,INVOLVED_IN,0.86,2026-07-03,EVIDENCE-C081,Case association
R0312,P163,C081,INVOLVED_IN,0.86,2026-07-21,EVIDENCE-C081,Case association
R0313,P468,C082,INVOLVED_IN,0.75,2026-02-08,EVIDENCE-C082,Case association
R0314,P454,C082,INVOLVED_IN,0.93,2026-03-10,EVIDENCE-C082,Case association
R0315,P209,C083,INVOLVED_IN,0.94,2026-04-26,EVIDENCE-C083,Case association
R0316,P229,C083,INVOLVED_IN,0.97,2026-06-18,EVIDENCE-C083,Case association
R0317,P043,C083,INVOLVED_IN,0.98,2026-04-18,EVIDENCE-C083,Case association
R0318,P493,C084,INVOLVED_IN,0.88,2026-01-01,EVIDENCE-C084,Case association
R0319,P467,C084,INVOLVED_IN,0.94,2026-05-21,EVIDENCE-C084,Case association
R0320,P001,C085,INVOLVED_IN,0.96,2026-08-09,EVIDENCE-C085,Case association
R0321,P031,C085,INVOLVED_IN,0.89,2026-07-12,EVIDENCE-C085,Case association
R0322,P109,C086,INVOLVED_IN,0.87,2026-01-06,EVIDENCE-C086,Case association
R0323,P300,C086,INVOLVED_IN,0.92,2026-02-10,EVIDENCE-C086,Case association
R0324,P431,C086,INVOLVED_IN,0.77,2026-02-27,EVIDENCE-C086,Case association
R0325,P372,C087,INVOLVED_IN,0.98,2026-07-07,EVIDENCE-C087,Case association
R0326,P285,C087,INVOLVED_IN,0.89,2026-06-22,EVIDENCE-C087,Case association
R0327,P326,C088,INVOLVED_IN,0.98,2026-08-09,EVIDENCE-C088,Case association
R0328,P134,C088,INVOLVED_IN,0.81,2026-06-11,EVIDENCE-C088,Case association
R0329,P236,C089,INVOLVED_IN,0.89,2026-01-23,EVIDENCE-C089,Case association
R0330,P492,C089,INVOLVED_IN,0.78,2026-01-20,EVIDENCE-C089,Case association
R0331,P003,C090,INVOLVED_IN,0.75,2026-03-14,EVIDENCE-C090,Case association
R0332,P462,C090,INVOLVED_IN,0.88,2026-08-25,EVIDENCE-C090,Case association
R0333,P276,C091,INVOLVED_IN,0.93,2026-02-18,EVIDENCE-C091,Case association
R0334,P042,C091,INVOLVED_IN,0.76,2026-08-22,EVIDENCE-C091,Case association
R0335,P181,C092,INVOLVED_IN,0.94,2026-06-13,EVIDENCE-C092,Case association
R0336,P498,C092,INVOLVED_IN,0.79,2026-01-04,EVIDENCE-C092,Case association
R0337,P190,C093,INVOLVED_IN,0.79,2026-01-08,EVIDENCE-C093,Case association
R0338,P480,C093,INVOLVED_IN,0.92,2026-05-22,EVIDENCE-C093,Case association
R0339,P184,C094,INVOLVED_IN,0.94,2026-05-26,EVIDENCE-C094,Case association
R0340,P099,C094,INVOLVED_IN,0.92,2026-04-16,EVIDENCE-C094,Case association
R0341,P047,C094,INVOLVED_IN,0.97,2026-01-09,EVIDENCE-C094,Case association
R0342,P464,C095,INVOLVED_IN,0.91,2026-04-01,EVIDENCE-C095,Case association
R0343,P361,C095,INVOLVED_IN,0.8,2026-07-04,EVIDENCE-C095,Case association
R0344,P292,C096,INVOLVED_IN,0.86,2026-04-22,EVIDENCE-C096,Case association
R0345,P257,C096,INVOLVED_IN,0.92,2026-03-03,EVIDENCE-C096,Case association
R0346,P066,C097,INVOLVED_IN,0.78,2026-04-17,EVIDENCE-C097,Case association
R0347,P382,C097,INVOLVED_IN,0.92,2026-05-07,EVIDENCE-C097,Case association
R0348,P034,C097,INVOLVED_IN,0.94,2026-01-23,EVIDENCE-C097,Case association
R0349,P273,C098,INVOLVED_IN,0.91,2026-08-01,EVIDENCE-C098,Case association
R0350,P315,C098,INVOLVED_IN,0.97,2026-01-28,EVIDENCE-C098,Case association
R0351,P130,C098,INVOLVED_IN,0.97,2026-07-28,EVIDENCE-C098,Case association
R0352,P141,C099,INVOLVED_IN,0.91,2026-08-16,EVIDENCE-C099,Case association
R0353,P063,C099,INVOLVED_IN,0.83,2026-01-24,EVIDENCE-C099,Case association
R0354,P025,C100,INVOLVED_IN,0.96,2026-08-11,EVIDENCE-C100,Case association
R0355,P143,C100,INVOLVED_IN,0.75,2026-04-11,EVIDENCE-C100,Case association
R0356,P042,L074,VISITED_LOCATION,0.9,2026-07-10,EVIDENCE-LOC,Observed location
R0357,P378,L029,VISITED_LOCATION,0.94,2026-07-10,EVIDENCE-LOC,Observed location
R0358,P217,L010,VISITED_LOCATION,0.93,2026-07-10,EVIDENCE-LOC,Observed location
R0359,P101,L022,VISITED_LOCATION,0.78,2026-07-10,EVIDENCE-LOC,Observed location
R0360,P033,L081,VISITED_LOCATION,0.86,2026-07-10,EVIDENCE-LOC,Observed location
R0361,P015,L062,VISITED_LOCATION,0.81,2026-07-10,EVIDENCE-LOC,Observed location
R0362,P013,L076,VISITED_LOCATION,0.9,2026-07-10,EVIDENCE-LOC,Observed location
R0363,P479,L043,VISITED_LOCATION,0.91,2026-07-10,EVIDENCE-LOC,Observed location
R0364,P127,L014,VISITED_LOCATION,0.82,2026-07-10,EVIDENCE-LOC,Observed location
R0365,P491,L044,VISITED_LOCATION,0.91,2026-07-10,EVIDENCE-LOC,Observed location
R0366,P421,L043,VISITED_LOCATION,0.83,2026-07-10,EVIDENCE-LOC,Observed location
R0367,P122,L010,VISITED_LOCATION,0.89,2026-07-10,EVIDENCE-LOC,Observed location
R0368,P318,L057,VISITED_LOCATION,0.89,2026-07-10,EVIDENCE-LOC,Observed location
R0369,P321,L058,VISITED_LOCATION,0.84,2026-07-10,EVIDENCE-LOC,Observed location
R0370,P044,L008,VISITED_LOCATION,0.93,2026-07-10,EVIDENCE-LOC,Observed location
R0371,P194,L041,VISITED_LOCATION,0.92,2026-07-10,EVIDENCE-LOC,Observed location
R0372,P356,L009,VISITED_LOCATION,0.9,2026-07-10,EVIDENCE-LOC,Observed location
R0373,P032,L057,VISITED_LOCATION,0.71,2026-07-10,EVIDENCE-LOC,Observed location
R0374,P313,L081,VISITED_LOCATION,0.81,2026-07-10,EVIDENCE-LOC,Observed location
R0375,P053,L087,VISITED_LOCATION,0.71,2026-07-10,EVIDENCE-LOC,Observed location
R0376,P027,L038,VISITED_LOCATION,0.91,2026-07-10,EVIDENCE-LOC,Observed location
R0377,P206,L013,VISITED_LOCATION,0.85,2026-07-10,EVIDENCE-LOC,Observed location
R0378,P211,L030,VISITED_LOCATION,0.92,2026-07-10,EVIDENCE-LOC,Observed location
R0379,P404,L085,VISITED_LOCATION,0.86,2026-07-10,EVIDENCE-LOC,Observed location
R0380,P233,L050,VISITED_LOCATION,0.82,2026-07-10,EVIDENCE-LOC,Observed location
R0381,P220,L080,VISITED_LOCATION,0.85,2026-07-10,EVIDENCE-LOC,Observed location
R0382,P174,L084,VISITED_LOCATION,0.93,2026-07-10,EVIDENCE-LOC,Observed location
R0383,P401,L004,VISITED_LOCATION,0.81,2026-07-10,EVIDENCE-LOC,Observed location
R0384,P169,L076,VISITED_LOCATION,0.75,2026-07-10,EVIDENCE-LOC,Observed location
R0385,P053,L002,VISITED_LOCATION,0.85,2026-07-10,EVIDENCE-LOC,Observed location
R0386,P035,L076,VISITED_LOCATION,0.9,2026-07-10,EVIDENCE-LOC,Observed location
R0387,P100,L074,VISITED_LOCATION,0.73,2026-07-10,EVIDENCE-LOC,Observed location
R0388,P261,L033,VISITED_LOCATION,0.79,2026-07-10,EVIDENCE-LOC,Observed location
R0389,P247,L093,VISITED_LOCATION,0.86,2026-07-10,EVIDENCE-LOC,Observed location
R0390,P096,L032,VISITED_LOCATION,0.73,2026-07-10,EVIDENCE-LOC,Observed location
R0391,P023,L008,VISITED_LOCATION,0.73,2026-07-10,EVIDENCE-LOC,Observed location
R0392,P300,L056,VISITED_LOCATION,0.83,2026-07-10,EVIDENCE-LOC,Observed location
R0393,P334,L097,VISITED_LOCATION,0.79,2026-07-10,EVIDENCE-LOC,Observed location
R0394,P299,L070,VISITED_LOCATION,0.89,2026-07-10,EVIDENCE-LOC,Observed location
R0395,P076,L061,VISITED_LOCATION,0.78,2026-07-10,EVIDENCE-LOC,Observed location
R0396,P176,L038,VISITED_LOCATION,0.79,2026-07-10,EVIDENCE-LOC,Observed location
R0397,P005,L067,VISITED_LOCATION,0.85,2026-07-10,EVIDENCE-LOC,Observed location
R0398,P348,L019,VISITED_LOCATION,0.71,2026-07-10,EVIDENCE-LOC,Observed location
R0399,P260,L072,VISITED_LOCATION,0.91,2026-07-10,EVIDENCE-LOC,Observed location
R0400,P217,L045,VISITED_LOCATION,0.75,2026-07-10,EVIDENCE-LOC,Observed location
R0401,P103,L082,VISITED_LOCATION,0.93,2026-07-10,EVIDENCE-LOC,Observed location
R0402,P403,L009,VISITED_LOCATION,0.79,2026-07-10,EVIDENCE-LOC,Observed location
R0403,P342,L061,VISITED_LOCATION,0.87,2026-07-10,EVIDENCE-LOC,Observed location
R0404,P240,L077,VISITED_LOCATION,0.87,2026-07-10,EVIDENCE-LOC,Observed location
R0405,P437,L075,VISITED_LOCATION,0.84,2026-07-10,EVIDENCE-LOC,Observed location
R0406,P172,L079,VISITED_LOCATION,0.77,2026-07-10,EVIDENCE-LOC,Observed location
R0407,P169,L021,VISITED_LOCATION,0.73,2026-07-10,EVIDENCE-LOC,Observed location
R0408,P449,L006,VISITED_LOCATION,0.82,2026-07-10,EVIDENCE-LOC,Observed location
R0409,P472,L001,VISITED_LOCATION,0.86,2026-07-10,EVIDENCE-LOC,Observed location
R0410,P355,L030,VISITED_LOCATION,0.82,2026-07-10,EVIDENCE-LOC,Observed location
R0411,P110,L031,VISITED_LOCATION,0.82,2026-07-10,EVIDENCE-LOC,Observed location
R0412,P394,L043,VISITED_LOCATION,0.9,2026-07-10,EVIDENCE-LOC,Observed location
R0413,P193,L027,VISITED_LOCATION,0.8,2026-07-10,EVIDENCE-LOC,Observed location
R0414,P423,L001,VISITED_LOCATION,0.79,2026-07-10,EVIDENCE-LOC,Observed location
R0415,P038,L046,VISITED_LOCATION,0.71,2026-07-10,EVIDENCE-LOC,Observed location
R0416,P059,L019,VISITED_LOCATION,0.77,2026-07-10,EVIDENCE-LOC,Observed location
R0417,P100,L081,VISITED_LOCATION,0.85,2026-07-10,EVIDENCE-LOC,Observed location
R0418,P392,L047,VISITED_LOCATION,0.71,2026-07-10,EVIDENCE-LOC,Observed location
R0419,P016,L026,VISITED_LOCATION,0.75,2026-07-10,EVIDENCE-LOC,Observed location
R0420,P090,L029,VISITED_LOCATION,0.92,2026-07-10,EVIDENCE-LOC,Observed location
R0421,P369,L023,VISITED_LOCATION,0.78,2026-07-10,EVIDENCE-LOC,Observed location
R0422,P284,L032,VISITED_LOCATION,0.74,2026-07-10,EVIDENCE-LOC,Observed location
R0423,P012,L023,VISITED_LOCATION,0.91,2026-07-10,EVIDENCE-LOC,Observed location
R0424,P467,L013,VISITED_LOCATION,0.71,2026-07-10,EVIDENCE-LOC,Observed location
R0425,P347,L018,VISITED_LOCATION,0.79,2026-07-10,EVIDENCE-LOC,Observed location
R0426,P404,L015,VISITED_LOCATION,0.78,2026-07-10,EVIDENCE-LOC,Observed location
R0427,P108,L040,VISITED_LOCATION,0.81,2026-07-10,EVIDENCE-LOC,Observed location
R0428,P190,L048,VISITED_LOCATION,0.87,2026-07-10,EVIDENCE-LOC,Observed location
R0429,P482,L068,VISITED_LOCATION,0.94,2026-07-10,EVIDENCE-LOC,Observed location
R0430,P320,L056,VISITED_LOCATION,0.92,2026-07-10,EVIDENCE-LOC,Observed location
R0431,P034,L016,VISITED_LOCATION,0.74,2026-07-10,EVIDENCE-LOC,Observed location
R0432,P474,L017,VISITED_LOCATION,0.9,2026-07-10,EVIDENCE-LOC,Observed location
R0433,P099,L069,VISITED_LOCATION,0.79,2026-07-10,EVIDENCE-LOC,Observed location
R0434,P192,L041,VISITED_LOCATION,0.85,2026-07-10,EVIDENCE-LOC,Observed location
R0435,P326,L032,VISITED_LOCATION,0.93,2026-07-10,EVIDENCE-LOC,Observed location
R0436,P391,L079,VISITED_LOCATION,0.85,2026-07-10,EVIDENCE-LOC,Observed location
R0437,P438,L069,VISITED_LOCATION,0.77,2026-07-10,EVIDENCE-LOC,Observed location
R0438,P077,L042,VISITED_LOCATION,0.76,2026-07-10,EVIDENCE-LOC,Observed location
R0439,P323,L036,VISITED_LOCATION,0.92,2026-07-10,EVIDENCE-LOC,Observed location
R0440,P436,L066,VISITED_LOCATION,0.94,2026-07-10,EVIDENCE-LOC,Observed location
R0441,P454,L063,VISITED_LOCATION,0.75,2026-07-10,EVIDENCE-LOC,Observed location
R0442,P042,L061,VISITED_LOCATION,0.9,2026-07-10,EVIDENCE-LOC,Observed location
R0443,P315,L009,VISITED_LOCATION,0.74,2026-07-10,EVIDENCE-LOC,Observed location
R0444,P199,L097,VISITED_LOCATION,0.92,2026-07-10,EVIDENCE-LOC,Observed location
R0445,P385,L066,VISITED_LOCATION,0.79,2026-07-10,EVIDENCE-LOC,Observed location
R0446,P266,L060,VISITED_LOCATION,0.74,2026-07-10,EVIDENCE-LOC,Observed location
R0447,P365,L048,VISITED_LOCATION,0.83,2026-07-10,EVIDENCE-LOC,Observed location
R0448,P248,L092,VISITED_LOCATION,0.94,2026-07-10,EVIDENCE-LOC,Observed location
R0449,P243,L035,VISITED_LOCATION,0.85,2026-07-10,EVIDENCE-LOC,Observed location
R0450,P327,L075,VISITED_LOCATION,0.86,2026-07-10,EVIDENCE-LOC,Observed location
R0451,P107,L029,VISITED_LOCATION,0.92,2026-07-10,EVIDENCE-LOC,Observed location
R0452,P232,L031,VISITED_LOCATION,0.8,2026-07-10,EVIDENCE-LOC,Observed location
R0453,P157,L055,VISITED_LOCATION,0.92,2026-07-10,EVIDENCE-LOC,Observed location
R0454,P293,L021,VISITED_LOCATION,0.93,2026-07-10,EVIDENCE-LOC,Observed location
R0455,P192,L033,VISITED_LOCATION,0.84,2026-07-10,EVIDENCE-LOC,Observed location
R0456,P069,L097,VISITED_LOCATION,0.72,2026-07-10,EVIDENCE-LOC,Observed location
R0457,P228,L067,VISITED_LOCATION,0.79,2026-07-10,EVIDENCE-LOC,Observed location
R0458,P299,L006,VISITED_LOCATION,0.82,2026-07-10,EVIDENCE-LOC,Observed location
R0459,P319,L044,VISITED_LOCATION,0.81,2026-07-10,EVIDENCE-LOC,Observed location
R0460,P240,L056,VISITED_LOCATION,0.8,2026-07-10,EVIDENCE-LOC,Observed location
R0461,P412,L064,VISITED_LOCATION,0.78,2026-07-10,EVIDENCE-LOC,Observed location
R0462,P196,L004,VISITED_LOCATION,0.74,2026-07-10,EVIDENCE-LOC,Observed location
R0463,P120,L034,VISITED_LOCATION,0.86,2026-07-10,EVIDENCE-LOC,Observed location
R0464,P184,L011,VISITED_LOCATION,0.77,2026-07-10,EVIDENCE-LOC,Observed location
R0465,P257,L066,VISITED_LOCATION,0.84,2026-07-10,EVIDENCE-LOC,Observed location
R0466,P041,L036,VISITED_LOCATION,0.93,2026-07-10,EVIDENCE-LOC,Observed location
R0467,P051,L016,VISITED_LOCATION,0.72,2026-07-10,EVIDENCE-LOC,Observed location
R0468,P020,L070,VISITED_LOCATION,0.75,2026-07-10,EVIDENCE-LOC,Observed location
R0469,P101,L087,VISITED_LOCATION,0.78,2026-07-10,EVIDENCE-LOC,Observed location
R0470,P155,L096,VISITED_LOCATION,0.9,2026-07-10,EVIDENCE-LOC,Observed location
R0471,P350,L036,VISITED_LOCATION,0.75,2026-07-10,EVIDENCE-LOC,Observed location
R0472,P310,L018,VISITED_LOCATION,0.95,2026-07-10,EVIDENCE-LOC,Observed location
R0473,P386,L092,VISITED_LOCATION,0.88,2026-07-10,EVIDENCE-LOC,Observed location
R0474,P468,L034,VISITED_LOCATION,0.7,2026-07-10,EVIDENCE-LOC,Observed location
R0475,P154,L037,VISITED_LOCATION,0.91,2026-07-10,EVIDENCE-LOC,Observed location
R0476,P401,O026,ASSOCIATED_WITH,0.93,2026-07-20,EVIDENCE-ORG,Organization association
R0477,P421,O038,ASSOCIATED_WITH,0.88,2026-07-20,EVIDENCE-ORG,Organization association
R0478,P007,O031,ASSOCIATED_WITH,0.86,2026-07-20,EVIDENCE-ORG,Organization association
R0479,P390,O010,ASSOCIATED_WITH,0.91,2026-07-20,EVIDENCE-ORG,Organization association
R0480,P117,O015,ASSOCIATED_WITH,0.87,2026-07-20,EVIDENCE-ORG,Organization association
R0481,P108,O031,ASSOCIATED_WITH,0.76,2026-07-20,EVIDENCE-ORG,Organization association
R0482,P301,O036,ASSOCIATED_WITH,0.88,2026-07-20,EVIDENCE-ORG,Organization association
R0483,P370,O030,ASSOCIATED_WITH,0.78,2026-07-20,EVIDENCE-ORG,Organization association
R0484,P044,O021,ASSOCIATED_WITH,0.9,2026-07-20,EVIDENCE-ORG,Organization association
R0485,P220,O050,ASSOCIATED_WITH,0.93,2026-07-20,EVIDENCE-ORG,Organization association
R0486,P214,O014,ASSOCIATED_WITH,0.81,2026-07-20,EVIDENCE-ORG,Organization association
R0487,P437,O036,ASSOCIATED_WITH,0.71,2026-07-20,EVIDENCE-ORG,Organization association
R0488,P072,O037,ASSOCIATED_WITH,0.91,2026-07-20,EVIDENCE-ORG,Organization association
R0489,P157,O048,ASSOCIATED_WITH,0.7,2026-07-20,EVIDENCE-ORG,Organization association
R0490,P415,O043,ASSOCIATED_WITH,0.9,2026-07-20,EVIDENCE-ORG,Organization association
R0491,P174,O015,ASSOCIATED_WITH,0.8,2026-07-20,EVIDENCE-ORG,Organization association
R0492,P352,O049,ASSOCIATED_WITH,0.8,2026-07-20,EVIDENCE-ORG,Organization association
R0493,P399,O045,ASSOCIATED_WITH,0.83,2026-07-20,EVIDENCE-ORG,Organization association
R0494,P167,O038,ASSOCIATED_WITH,0.71,2026-07-20,EVIDENCE-ORG,Organization association
R0495,P403,O003,ASSOCIATED_WITH,0.92,2026-07-20,EVIDENCE-ORG,Organization association
R0496,P079,O022,ASSOCIATED_WITH,0.84,2026-07-20,EVIDENCE-ORG,Organization association
R0497,P410,O039,ASSOCIATED_WITH,0.92,2026-07-20,EVIDENCE-ORG,Organization association
R0498,P294,O026,ASSOCIATED_WITH,0.94,2026-07-20,EVIDENCE-ORG,Organization association
R0499,P105,O026,ASSOCIATED_WITH,0.72,2026-07-20,EVIDENCE-ORG,Organization association
R0500,P198,O013,ASSOCIATED_WITH,0.81,2026-07-20,EVIDENCE-ORG,Organization association
R0501,P169,O037,ASSOCIATED_WITH,0.93,2026-07-20,EVIDENCE-ORG,Organization association
R0502,P328,O020,ASSOCIATED_WITH,0.72,2026-07-20,EVIDENCE-ORG,Organization association
R0503,P054,O044,ASSOCIATED_WITH,0.83,2026-07-20,EVIDENCE-ORG,Organization association
R0504,P017,O045,ASSOCIATED_WITH,0.84,2026-07-20,EVIDENCE-ORG,Organization association
R0505,P014,O012,ASSOCIATED_WITH,0.75,2026-07-20,EVIDENCE-ORG,Organization association
R0506,P467,O025,ASSOCIATED_WITH,0.77,2026-07-20,EVIDENCE-ORG,Organization association
R0507,P120,O019,ASSOCIATED_WITH,0.86,2026-07-20,EVIDENCE-ORG,Organization association
R0508,P036,O030,ASSOCIATED_WITH,0.71,2026-07-20,EVIDENCE-ORG,Organization association
R0509,P266,O001,ASSOCIATED_WITH,0.74,2026-07-20,EVIDENCE-ORG,Organization association
R0510,P441,O027,ASSOCIATED_WITH,0.79,2026-07-20,EVIDENCE-ORG,Organization association
R0511,P057,O009,ASSOCIATED_WITH,0.83,2026-07-20,EVIDENCE-ORG,Organization association
R0512,P245,O048,ASSOCIATED_WITH,0.72,2026-07-20,EVIDENCE-ORG,Organization association
R0513,P490,O014,ASSOCIATED_WITH,0.73,2026-07-20,EVIDENCE-ORG,Organization association
R0514,P106,O020,ASSOCIATED_WITH,0.8,2026-07-20,EVIDENCE-ORG,Organization association
R0515,P364,O043,ASSOCIATED_WITH,0.81,2026-07-20,EVIDENCE-ORG,Organization association
R0516,P310,O037,ASSOCIATED_WITH,0.93,2026-07-20,EVIDENCE-ORG,Organization association
R0517,P301,O013,ASSOCIATED_WITH,0.82,2026-07-20,EVIDENCE-ORG,Organization association
R0518,P351,O030,ASSOCIATED_WITH,0.77,2026-07-20,EVIDENCE-ORG,Organization association
R0519,P004,O010,ASSOCIATED_WITH,0.81,2026-07-20,EVIDENCE-ORG,Organization association
R0520,P423,O026,ASSOCIATED_WITH,0.85,2026-07-20,EVIDENCE-ORG,Organization association
R0521,P127,O034,ASSOCIATED_WITH,0.78,2026-07-20,EVIDENCE-ORG,Organization association
R0522,P292,O032,ASSOCIATED_WITH,0.81,2026-07-20,EVIDENCE-ORG,Organization association
R0523,P295,O003,ASSOCIATED_WITH,0.88,2026-07-20,EVIDENCE-ORG,Organization association
R0524,P148,O042,ASSOCIATED_WITH,0.91,2026-07-20,EVIDENCE-ORG,Organization association
R0525,P234,O023,ASSOCIATED_WITH,0.87,2026-07-20,EVIDENCE-ORG,Organization association
R0526,P365,O020,ASSOCIATED_WITH,0.79,2026-07-20,EVIDENCE-ORG,Organization association
R0527,P422,O012,ASSOCIATED_WITH,0.8,2026-07-20,EVIDENCE-ORG,Organization association
R0528,P092,O040,ASSOCIATED_WITH,0.88,2026-07-20,EVIDENCE-ORG,Organization association
R0529,P235,O025,ASSOCIATED_WITH,0.92,2026-07-20,EVIDENCE-ORG,Organization association
R0530,P094,O045,ASSOCIATED_WITH,0.84,2026-07-20,EVIDENCE-ORG,Organization association
R0531,P202,O045,ASSOCIATED_WITH,0.93,2026-07-20,EVIDENCE-ORG,Organization association
R0532,P123,O011,ASSOCIATED_WITH,0.77,2026-07-20,EVIDENCE-ORG,Organization association
R0533,P322,O035,ASSOCIATED_WITH,0.77,2026-07-20,EVIDENCE-ORG,Organization association
R0534,P470,O005,ASSOCIATED_WITH,0.87,2026-07-20,EVIDENCE-ORG,Organization association
R0535,P370,O014,ASSOCIATED_WITH,0.92,2026-07-20,EVIDENCE-ORG,Organization association
R0536,P211,O049,ASSOCIATED_WITH,0.83,2026-07-20,EVIDENCE-ORG,Organization association
R0537,P189,O005,ASSOCIATED_WITH,0.88,2026-07-20,EVIDENCE-ORG,Organization association
R0538,P259,O050,ASSOCIATED_WITH,0.89,2026-07-20,EVIDENCE-ORG,Organization association
R0539,P210,O029,ASSOCIATED_WITH,0.74,2026-07-20,EVIDENCE-ORG,Organization association
R0540,P107,O033,ASSOCIATED_WITH,0.71,2026-07-20,EVIDENCE-ORG,Organization association
R0541,P014,O005,ASSOCIATED_WITH,0.85,2026-07-20,EVIDENCE-ORG,Organization association
R0542,P346,O048,ASSOCIATED_WITH,0.81,2026-07-20,EVIDENCE-ORG,Organization association
R0543,P176,O048,ASSOCIATED_WITH,0.8,2026-07-20,EVIDENCE-ORG,Organization association
R0544,P100,O026,ASSOCIATED_WITH,0.71,2026-07-20,EVIDENCE-ORG,Organization association
R0545,P129,O008,ASSOCIATED_WITH,0.87,2026-07-20,EVIDENCE-ORG,Organization association
R0546,P070,O021,ASSOCIATED_WITH,0.86,2026-07-20,EVIDENCE-ORG,Organization association
R0547,P238,O032,ASSOCIATED_WITH,0.81,2026-07-20,EVIDENCE-ORG,Organization association
R0548,P043,O036,ASSOCIATED_WITH,0.86,2026-07-20,EVIDENCE-ORG,Organization association
R0549,P366,O029,ASSOCIATED_WITH,0.73,2026-07-20,EVIDENCE-ORG,Organization association
R0550,P421,O018,ASSOCIATED_WITH,0.9,2026-07-20,EVIDENCE-ORG,Organization association
R0551,P088,O002,ASSOCIATED_WITH,0.85,2026-07-20,EVIDENCE-ORG,Organization association
R0552,P091,O019,ASSOCIATED_WITH,0.73,2026-07-20,EVIDENCE-ORG,Organization association
R0553,P380,O026,ASSOCIATED_WITH,0.74,2026-07-20,EVIDENCE-ORG,Organization association
R0554,P344,O049,ASSOCIATED_WITH,0.7,2026-07-20,EVIDENCE-ORG,Organization association
R0555,P140,O010,ASSOCIATED_WITH,0.81,2026-07-20,EVIDENCE-ORG,Organization association
R0556,P092,O014,ASSOCIATED_WITH,0.87,2026-07-20,EVIDENCE-ORG,Organization association
R0557,P458,O044,ASSOCIATED_WITH,0.83,2026-07-20,EVIDENCE-ORG,Organization association
R0558,P227,O045,ASSOCIATED_WITH,0.71,2026-07-20,EVIDENCE-ORG,Organization association
R0559,P326,O034,ASSOCIATED_WITH,0.85,2026-07-20,EVIDENCE-ORG,Organization association
R0560,P367,O043,ASSOCIATED_WITH,0.92,2026-07-20,EVIDENCE-ORG,Organization association
R0561,P200,O045,ASSOCIATED_WITH,0.77,2026-07-20,EVIDENCE-ORG,Organization association
R0562,P027,O039,ASSOCIATED_WITH,0.7,2026-07-20,EVIDENCE-ORG,Organization association
R0563,P396,O025,ASSOCIATED_WITH,0.88,2026-07-20,EVIDENCE-ORG,Organization association
R0564,P476,O016,ASSOCIATED_WITH,0.79,2026-07-20,EVIDENCE-ORG,Organization association
R0565,P123,O013,ASSOCIATED_WITH,0.72,2026-07-20,EVIDENCE-ORG,Organization association
R0566,P216,O002,ASSOCIATED_WITH,0.94,2026-07-20,EVIDENCE-ORG,Organization association
R0567,P173,O013,ASSOCIATED_WITH,0.86,2026-07-20,EVIDENCE-ORG,Organization association
R0568,P033,O015,ASSOCIATED_WITH,0.93,2026-07-20,EVIDENCE-ORG,Organization association
R0569,P050,O043,ASSOCIATED_WITH,0.74,2026-07-20,EVIDENCE-ORG,Organization association
R0570,P086,O003,ASSOCIATED_WITH,0.8,2026-07-20,EVIDENCE-ORG,Organization association
R0571,P056,O021,ASSOCIATED_WITH,0.78,2026-07-20,EVIDENCE-ORG,Organization association
R0572,P321,O013,ASSOCIATED_WITH,0.85,2026-07-20,EVIDENCE-ORG,Organization association
R0573,P479,O035,ASSOCIATED_WITH,0.79,2026-07-20,EVIDENCE-ORG,Organization association
R0574,P220,O008,ASSOCIATED_WITH,0.76,2026-07-20,EVIDENCE-ORG,Organization association
R0575,P055,O023,ASSOCIATED_WITH,0.78,2026-07-20,EVIDENCE-ORG,Organization association
R0576,P001,PH001,USES_PHONE,0.99,2026-01-01,REGISTRY,Registered phone
R0577,P002,PH002,USES_PHONE,0.99,2026-01-01,REGISTRY,Registered phone
R0578,P003,PH003,USES_PHONE,0.99,2026-01-01,REGISTRY,Registered phone
R0579,P004,PH004,USES_PHONE,0.99,2026-01-01,REGISTRY,Registered phone
R0580,P005,PH005,USES_PHONE,0.99,2026-01-01,REGISTRY,Registered phone
R0581,P006,PH006,USES_PHONE,0.99,2026-01-01,REGISTRY,Registered phone
R0582,P007,PH007,USES_PHONE,0.99,2026-01-01,REGISTRY,Registered phone
R0583,P008,PH008,USES_PHONE,0.99,2026-01-01,REGISTRY,Registered phone
R0584,P009,PH009,USES_PHONE,0.99,2026-01-01,REGISTRY,Registered phone
R0585,P010,PH010,USES_PHONE,0.99,2026-01-01,REGISTRY,Registered phone
R0586,P011,PH011,USES_PHONE,0.99,2026-01-01,REGISTRY,Registered phone
R0587,P012,PH012,USES_PHONE,0.99,2026-01-01,REGISTRY,Registered phone
R0588,P013,PH013,USES_PHONE,0.99,2026-01-01,REGISTRY,Registered phone
R0589,P014,PH014,USES_PHONE,0.99,2026-01-01,REGISTRY,Registered phone
R0590,P015,PH015,USES_PHONE,0.99,2026-01-01,REGISTRY,Registered phone
R0591,P016,PH016,USES_PHONE,0.99,2026-01-01,REGISTRY,Registered phone
R0592,P017,PH017,USES_PHONE,0.99,2026-01-01,REGISTRY,Registered phone
R0593,P018,PH018,USES_PHONE,0.99,2026-01-01,REGISTRY,Registered phone
R0594,P019,PH019,USES_PHONE,0.99,2026-01-01,REGISTRY,Registered phone
R0595,P020,PH020,USES_PHONE,0.99,2026-01-01,REGISTRY,Registered phone
R0596,P021,PH021,USES_PHONE,0.99,2026-01-01,REGISTRY,Registered phone
R0597,P022,PH022,USES_PHONE,0.99,2026-01-01,REGISTRY,Registered phone
R0598,P023,PH023,USES_PHONE,0.99,2026-01-01,REGISTRY,Registered phone
R0599,P024,PH024,USES_PHONE,0.99,2026-01-01,REGISTRY,Registered phone
R0600,P025,PH025,USES_PHONE,0.99,2026-01-01,REGISTRY,Registered phone
R0601,P026,PH026,USES_PHONE,0.99,2026-01-01,REGISTRY,Registered phone
R0602,P027,PH027,USES_PHONE,0.99,2026-01-01,REGISTRY,Registered phone
R0603,P028,PH028,USES_PHONE,0.99,2026-01-01,REGISTRY,Registered phone
R0604,P029,PH029,USES_PHONE,0.99,2026-01-01,REGISTRY,Registered phone
R0605,P030,PH030,USES_PHONE,0.99,2026-01-01,REGISTRY,Registered phone
R0606,P031,PH031,USES_PHONE,0.99,2026-01-01,REGISTRY,Registered phone
R0607,P032,PH032,USES_PHONE,0.99,2026-01-01,REGISTRY,Registered phone
R0608,P033,PH033,USES_PHONE,0.99,2026-01-01,REGISTRY,Registered phone
R0609,P034,PH034,USES_PHONE,0.99,2026-01-01,REGISTRY,Registered phone
R0610,P035,PH035,USES_PHONE,0.99,2026-01-01,REGISTRY,Registered phone
R0611,P036,PH036,USES_PHONE,0.99,2026-01-01,REGISTRY,Registered phone
R0612,P037,PH037,USES_PHONE,0.99,2026-01-01,REGISTRY,Registered phone
R0613,P038,PH038,USES_PHONE,0.99,2026-01-01,REGISTRY,Registered phone
R0614,P039,PH039,USES_PHONE,0.99,2026-01-01,REGISTRY,Registered phone
R0615,P040,PH040,USES_PHONE,0.99,2026-01-01,REGISTRY,Registered phone
R0616,P041,PH041,USES_PHONE,0.99,2026-01-01,REGISTRY,Registered phone
R0617,P042,PH042,USES_PHONE,0.99,2026-01-01,REGISTRY,Registered phone
R0618,P043,PH043,USES_PHONE,0.99,2026-01-01,REGISTRY,Registered phone
R0619,P044,PH044,USES_PHONE,0.99,2026-01-01,REGISTRY,Registered phone
R0620,P045,PH045,USES_PHONE,0.99,2026-01-01,REGISTRY,Registered phone
R0621,P046,PH046,USES_PHONE,0.99,2026-01-01,REGISTRY,Registered phone
R0622,P047,PH047,USES_PHONE,0.99,2026-01-01,REGISTRY,Registered phone
R0623,P048,PH048,USES_PHONE,0.99,2026-01-01,REGISTRY,Registered phone
R0624,P049,PH049,USES_PHONE,0.99,2026-01-01,REGISTRY,Registered phone
R0625,P050,PH050,USES_PHONE,0.99,2026-01-01,REGISTRY,Registered phone
R0626,P051,PH051,USES_PHONE,0.99,2026-01-01,REGISTRY,Registered phone
R0627,P052,PH052,USES_PHONE,0.99,2026-01-01,REGISTRY,Registered phone
R0628,P053,PH053,USES_PHONE,0.99,2026-01-01,REGISTRY,Registered phone
R0629,P054,PH054,USES_PHONE,0.99,2026-01-01,REGISTRY,Registered phone
R0630,P055,PH055,USES_PHONE,0.99,2026-01-01,REGISTRY,Registered phone
R0631,P056,PH056,USES_PHONE,0.99,2026-01-01,REGISTRY,Registered phone
R0632,P057,PH057,USES_PHONE,0.99,2026-01-01,REGISTRY,Registered phone
R0633,P058,PH058,USES_PHONE,0.99,2026-01-01,REGISTRY,Registered phone
R0634,P059,PH059,USES_PHONE,0.99,2026-01-01,REGISTRY,Registered phone
R0635,P060,PH060,USES_PHONE,0.99,2026-01-01,REGISTRY,Registered phone
R0636,P061,PH061,USES_PHONE,0.99,2026-01-01,REGISTRY,Registered phone
R0637,P062,PH062,USES_PHONE,0.99,2026-01-01,REGISTRY,Registered phone
R0638,P063,PH063,USES_PHONE,0.99,2026-01-01,REGISTRY,Registered phone
R0639,P064,PH064,USES_PHONE,0.99,2026-01-01,REGISTRY,Registered phone
R0640,P065,PH065,USES_PHONE,0.99,2026-01-01,REGISTRY,Registered phone
R0641,P066,PH066,USES_PHONE,0.99,2026-01-01,REGISTRY,Registered phone
R0642,P067,PH067,USES_PHONE,0.99,2026-01-01,REGISTRY,Registered phone
R0643,P068,PH068,USES_PHONE,0.99,2026-01-01,REGISTRY,Registered phone
R0644,P069,PH069,USES_PHONE,0.99,2026-01-01,REGISTRY,Registered phone
R0645,P070,PH070,USES_PHONE,0.99,2026-01-01,REGISTRY,Registered phone
R0646,P071,PH071,USES_PHONE,0.99,2026-01-01,REGISTRY,Registered phone
R0647,P072,PH072,USES_PHONE,0.99,2026-01-01,REGISTRY,Registered phone
R0648,P073,PH073,USES_PHONE,0.99,2026-01-01,REGISTRY,Registered phone
R0649,P074,PH074,USES_PHONE,0.99,2026-01-01,REGISTRY,Registered phone
R0650,P075,PH075,USES_PHONE,0.99,2026-01-01,REGISTRY,Registered phone
R0651,P076,PH076,USES_PHONE,0.99,2026-01-01,REGISTRY,Registered phone
R0652,P077,PH077,USES_PHONE,0.99,2026-01-01,REGISTRY,Registered phone
R0653,P078,PH078,USES_PHONE,0.99,2026-01-01,REGISTRY,Registered phone
R0654,P079,PH079,USES_PHONE,0.99,2026-01-01,REGISTRY,Registered phone
R0655,P080,PH080,USES_PHONE,0.99,2026-01-01,REGISTRY,Registered phone
R0656,P081,PH081,USES_PHONE,0.99,2026-01-01,REGISTRY,Registered phone
R0657,P082,PH082,USES_PHONE,0.99,2026-01-01,REGISTRY,Registered phone
R0658,P083,PH083,USES_PHONE,0.99,2026-01-01,REGISTRY,Registered phone
R0659,P084,PH084,USES_PHONE,0.99,2026-01-01,REGISTRY,Registered phone
R0660,P085,PH085,USES_PHONE,0.99,2026-01-01,REGISTRY,Registered phone
R0661,P086,PH086,USES_PHONE,0.99,2026-01-01,REGISTRY,Registered phone
R0662,P087,PH087,USES_PHONE,0.99,2026-01-01,REGISTRY,Registered phone
R0663,P088,PH088,USES_PHONE,0.99,2026-01-01,REGISTRY,Registered phone
R0664,P089,PH089,USES_PHONE,0.99,2026-01-01,REGISTRY,Registered phone
R0665,P090,PH090,USES_PHONE,0.99,2026-01-01,REGISTRY,Registered phone
R0666,P091,PH091,USES_PHONE,0.99,2026-01-01,REGISTRY,Registered phone
R0667,P092,PH092,USES_PHONE,0.99,2026-01-01,REGISTRY,Registered phone
R0668,P093,PH093,USES_PHONE,0.99,2026-01-01,REGISTRY,Registered phone
R0669,P094,PH094,USES_PHONE,0.99,2026-01-01,REGISTRY,Registered phone
R0670,P095,PH095,USES_PHONE,0.99,2026-01-01,REGISTRY,Registered phone
R0671,P096,PH096,USES_PHONE,0.99,2026-01-01,REGISTRY,Registered phone
R0672,P097,PH097,USES_PHONE,0.99,2026-01-01,REGISTRY,Registered phone
R0673,P098,PH098,USES_PHONE,0.99,2026-01-01,REGISTRY,Registered phone
R0674,P099,PH099,USES_PHONE,0.99,2026-01-01,REGISTRY,Registered phone
R0675,P100,PH100,USES_PHONE,0.99,2026-01-01,REGISTRY,Registered phone
R0676,P101,PH101,USES_PHONE,0.99,2026-01-01,REGISTRY,Registered phone
R0677,P102,PH102,USES_PHONE,0.99,2026-01-01,REGISTRY,Registered phone
R0678,P103,PH103,USES_PHONE,0.99,2026-01-01,REGISTRY,Registered phone
R0679,P104,PH104,USES_PHONE,0.99,2026-01-01,REGISTRY,Registered phone
R0680,P105,PH105,USES_PHONE,0.99,2026-01-01,REGISTRY,Registered phone
R0681,P106,PH106,USES_PHONE,0.99,2026-01-01,REGISTRY,Registered phone
R0682,P107,PH107,USES_PHONE,0.99,2026-01-01,REGISTRY,Registered phone
R0683,P108,PH108,USES_PHONE,0.99,2026-01-01,REGISTRY,Registered phone
R0684,P109,PH109,USES_PHONE,0.99,2026-01-01,REGISTRY,Registered phone
R0685,P110,PH110,USES_PHONE,0.99,2026-01-01,REGISTRY,Registered phone
R0686,P111,PH111,USES_PHONE,0.99,2026-01-01,REGISTRY,Registered phone
R0687,P112,PH112,USES_PHONE,0.99,2026-01-01,REGISTRY,Registered phone
R0688,P113,PH113,USES_PHONE,0.99,2026-01-01,REGISTRY,Registered phone
R0689,P114,PH114,USES_PHONE,0.99,2026-01-01,REGISTRY,Registered phone
R0690,P115,PH115,USES_PHONE,0.99,2026-01-01,REGISTRY,Registered phone
R0691,P116,PH116,USES_PHONE,0.99,2026-01-01,REGISTRY,Registered phone
R0692,P117,PH117,USES_PHONE,0.99,2026-01-01,REGISTRY,Registered phone
R0693,P118,PH118,USES_PHONE,0.99,2026-01-01,REGISTRY,Registered phone
R0694,P119,PH119,USES_PHONE,0.99,2026-01-01,REGISTRY,Registered phone
R0695,P120,PH120,USES_PHONE,0.99,2026-01-01,REGISTRY,Registered phone
R0696,P121,PH121,USES_PHONE,0.99,2026-01-01,REGISTRY,Registered phone
R0697,P122,PH122,USES_PHONE,0.99,2026-01-01,REGISTRY,Registered phone
R0698,P123,PH123,USES_PHONE,0.99,2026-01-01,REGISTRY,Registered phone
R0699,P124,PH124,USES_PHONE,0.99,2026-01-01,REGISTRY,Registered phone
R0700,P125,PH125,USES_PHONE,0.99,2026-01-01,REGISTRY,Registered phone
R0701,P126,PH126,USES_PHONE,0.99,2026-01-01,REGISTRY,Registered phone
R0702,P127,PH127,USES_PHONE,0.99,2026-01-01,REGISTRY,Registered phone
R0703,P128,PH128,USES_PHONE,0.99,2026-01-01,REGISTRY,Registered phone
R0704,P129,PH129,USES_PHONE,0.99,2026-01-01,REGISTRY,Registered phone
R0705,P130,PH130,USES_PHONE,0.99,2026-01-01,REGISTRY,Registered phone
R0706,P131,PH131,USES_PHONE,0.99,2026-01-01,REGISTRY,Registered phone
R0707,P132,PH132,USES_PHONE,0.99,2026-01-01,REGISTRY,Registered phone
R0708,P133,PH133,USES_PHONE,0.99,2026-01-01,REGISTRY,Registered phone
R0709,P134,PH134,USES_PHONE,0.99,2026-01-01,REGISTRY,Registered phone
R0710,P135,PH135,USES_PHONE,0.99,2026-01-01,REGISTRY,Registered phone
R0711,P136,PH136,USES_PHONE,0.99,2026-01-01,REGISTRY,Registered phone
R0712,P137,PH137,USES_PHONE,0.99,2026-01-01,REGISTRY,Registered phone
R0713,P138,PH138,USES_PHONE,0.99,2026-01-01,REGISTRY,Registered phone
R0714,P139,PH139,USES_PHONE,0.99,2026-01-01,REGISTRY,Registered phone
R0715,P140,PH140,USES_PHONE,0.99,2026-01-01,REGISTRY,Registered phone
R0716,P141,PH141,USES_PHONE,0.99,2026-01-01,REGISTRY,Registered phone
R0717,P142,PH142,USES_PHONE,0.99,2026-01-01,REGISTRY,Registered phone
R0718,P143,PH143,USES_PHONE,0.99,2026-01-01,REGISTRY,Registered phone
R0719,P144,PH144,USES_PHONE,0.99,2026-01-01,REGISTRY,Registered phone
R0720,P145,PH145,USES_PHONE,0.99,2026-01-01,REGISTRY,Registered phone
R0721,P146,PH146,USES_PHONE,0.99,2026-01-01,REGISTRY,Registered phone
R0722,P147,PH147,USES_PHONE,0.99,2026-01-01,REGISTRY,Registered phone
R0723,P148,PH148,USES_PHONE,0.99,2026-01-01,REGISTRY,Registered phone
R0724,P149,PH149,USES_PHONE,0.99,2026-01-01,REGISTRY,Registered phone
R0725,P150,PH150,USES_PHONE,0.99,2026-01-01,REGISTRY,Registered phone
R0726,P151,PH151,USES_PHONE,0.99,2026-01-01,REGISTRY,Registered phone
R0727,P152,PH152,USES_PHONE,0.99,2026-01-01,REGISTRY,Registered phone
R0728,P153,PH153,USES_PHONE,0.99,2026-01-01,REGISTRY,Registered phone
R0729,P154,PH154,USES_PHONE,0.99,2026-01-01,REGISTRY,Registered phone
R0730,P155,PH155,USES_PHONE,0.99,2026-01-01,REGISTRY,Registered phone
R0731,P156,PH156,USES_PHONE,0.99,2026-01-01,REGISTRY,Registered phone
R0732,P157,PH157,USES_PHONE,0.99,2026-01-01,REGISTRY,Registered phone
R0733,P158,PH158,USES_PHONE,0.99,2026-01-01,REGISTRY,Registered phone
R0734,P159,PH159,USES_PHONE,0.99,2026-01-01,REGISTRY,Registered phone
R0735,P160,PH160,USES_PHONE,0.99,2026-01-01,REGISTRY,Registered phone
R0736,P161,PH161,USES_PHONE,0.99,2026-01-01,REGISTRY,Registered phone
R0737,P162,PH162,USES_PHONE,0.99,2026-01-01,REGISTRY,Registered phone
R0738,P163,PH163,USES_PHONE,0.99,2026-01-01,REGISTRY,Registered phone
R0739,P164,PH164,USES_PHONE,0.99,2026-01-01,REGISTRY,Registered phone
R0740,P165,PH165,USES_PHONE,0.99,2026-01-01,REGISTRY,Registered phone
R0741,P166,PH166,USES_PHONE,0.99,2026-01-01,REGISTRY,Registered phone
R0742,P167,PH167,USES_PHONE,0.99,2026-01-01,REGISTRY,Registered phone
R0743,P168,PH168,USES_PHONE,0.99,2026-01-01,REGISTRY,Registered phone
R0744,P169,PH169,USES_PHONE,0.99,2026-01-01,REGISTRY,Registered phone
R0745,P170,PH170,USES_PHONE,0.99,2026-01-01,REGISTRY,Registered phone
R0746,P171,PH171,USES_PHONE,0.99,2026-01-01,REGISTRY,Registered phone
R0747,P172,PH172,USES_PHONE,0.99,2026-01-01,REGISTRY,Registered phone
R0748,P173,PH173,USES_PHONE,0.99,2026-01-01,REGISTRY,Registered phone
R0749,P174,PH174,USES_PHONE,0.99,2026-01-01,REGISTRY,Registered phone
R0750,P175,PH175,USES_PHONE,0.99,2026-01-01,REGISTRY,Registered phone
R0751,P176,PH176,USES_PHONE,0.99,2026-01-01,REGISTRY,Registered phone
R0752,P177,PH177,USES_PHONE,0.99,2026-01-01,REGISTRY,Registered phone
R0753,P178,PH178,USES_PHONE,0.99,2026-01-01,REGISTRY,Registered phone
R0754,P179,PH179,USES_PHONE,0.99,2026-01-01,REGISTRY,Registered phone
R0755,P180,PH180,USES_PHONE,0.99,2026-01-01,REGISTRY,Registered phone
R0756,P181,PH181,USES_PHONE,0.99,2026-01-01,REGISTRY,Registered phone
R0757,P182,PH182,USES_PHONE,0.99,2026-01-01,REGISTRY,Registered phone
R0758,P183,PH183,USES_PHONE,0.99,2026-01-01,REGISTRY,Registered phone
R0759,P184,PH184,USES_PHONE,0.99,2026-01-01,REGISTRY,Registered phone
R0760,P185,PH185,USES_PHONE,0.99,2026-01-01,REGISTRY,Registered phone
R0761,P186,PH186,USES_PHONE,0.99,2026-01-01,REGISTRY,Registered phone
R0762,P187,PH187,USES_PHONE,0.99,2026-01-01,REGISTRY,Registered phone
R0763,P188,PH188,USES_PHONE,0.99,2026-01-01,REGISTRY,Registered phone
R0764,P189,PH189,USES_PHONE,0.99,2026-01-01,REGISTRY,Registered phone
R0765,P190,PH190,USES_PHONE,0.99,2026-01-01,REGISTRY,Registered phone
R0766,P191,PH191,USES_PHONE,0.99,2026-01-01,REGISTRY,Registered phone
R0767,P192,PH192,USES_PHONE,0.99,2026-01-01,REGISTRY,Registered phone
R0768,P193,PH193,USES_PHONE,0.99,2026-01-01,REGISTRY,Registered phone
R0769,P194,PH194,USES_PHONE,0.99,2026-01-01,REGISTRY,Registered phone
R0770,P195,PH195,USES_PHONE,0.99,2026-01-01,REGISTRY,Registered phone
R0771,P196,PH196,USES_PHONE,0.99,2026-01-01,REGISTRY,Registered phone
R0772,P197,PH197,USES_PHONE,0.99,2026-01-01,REGISTRY,Registered phone
R0773,P198,PH198,USES_PHONE,0.99,2026-01-01,REGISTRY,Registered phone
R0774,P199,PH199,USES_PHONE,0.99,2026-01-01,REGISTRY,Registered phone
R0775,P200,PH200,USES_PHONE,0.99,2026-01-01,REGISTRY,Registered phone
R0776,P201,PH201,USES_PHONE,0.99,2026-01-01,REGISTRY,Registered phone
R0777,P202,PH202,USES_PHONE,0.99,2026-01-01,REGISTRY,Registered phone
R0778,P203,PH203,USES_PHONE,0.99,2026-01-01,REGISTRY,Registered phone
R0779,P204,PH204,USES_PHONE,0.99,2026-01-01,REGISTRY,Registered phone
R0780,P205,PH205,USES_PHONE,0.99,2026-01-01,REGISTRY,Registered phone
R0781,P206,PH206,USES_PHONE,0.99,2026-01-01,REGISTRY,Registered phone
R0782,P207,PH207,USES_PHONE,0.99,2026-01-01,REGISTRY,Registered phone
R0783,P208,PH208,USES_PHONE,0.99,2026-01-01,REGISTRY,Registered phone
R0784,P209,PH209,USES_PHONE,0.99,2026-01-01,REGISTRY,Registered phone
R0785,P210,PH210,USES_PHONE,0.99,2026-01-01,REGISTRY,Registered phone
R0786,P211,PH211,USES_PHONE,0.99,2026-01-01,REGISTRY,Registered phone
R0787,P212,PH212,USES_PHONE,0.99,2026-01-01,REGISTRY,Registered phone
R0788,P213,PH213,USES_PHONE,0.99,2026-01-01,REGISTRY,Registered phone
R0789,P214,PH214,USES_PHONE,0.99,2026-01-01,REGISTRY,Registered phone
R0790,P215,PH215,USES_PHONE,0.99,2026-01-01,REGISTRY,Registered phone
R0791,P216,PH216,USES_PHONE,0.99,2026-01-01,REGISTRY,Registered phone
R0792,P217,PH217,USES_PHONE,0.99,2026-01-01,REGISTRY,Registered phone
R0793,P218,PH218,USES_PHONE,0.99,2026-01-01,REGISTRY,Registered phone
R0794,P219,PH219,USES_PHONE,0.99,2026-01-01,REGISTRY,Registered phone
R0795,P220,PH220,USES_PHONE,0.99,2026-01-01,REGISTRY,Registered phone
R0796,P221,PH221,USES_PHONE,0.99,2026-01-01,REGISTRY,Registered phone
R0797,P222,PH222,USES_PHONE,0.99,2026-01-01,REGISTRY,Registered phone
R0798,P223,PH223,USES_PHONE,0.99,2026-01-01,REGISTRY,Registered phone
R0799,P224,PH224,USES_PHONE,0.99,2026-01-01,REGISTRY,Registered phone
R0800,P225,PH225,USES_PHONE,0.99,2026-01-01,REGISTRY,Registered phone
R0801,P226,PH226,USES_PHONE,0.99,2026-01-01,REGISTRY,Registered phone
R0802,P227,PH227,USES_PHONE,0.99,2026-01-01,REGISTRY,Registered phone
R0803,P228,PH228,USES_PHONE,0.99,2026-01-01,REGISTRY,Registered phone
R0804,P229,PH229,USES_PHONE,0.99,2026-01-01,REGISTRY,Registered phone
R0805,P230,PH230,USES_PHONE,0.99,2026-01-01,REGISTRY,Registered phone
R0806,P231,PH231,USES_PHONE,0.99,2026-01-01,REGISTRY,Registered phone
R0807,P232,PH232,USES_PHONE,0.99,2026-01-01,REGISTRY,Registered phone
R0808,P233,PH233,USES_PHONE,0.99,2026-01-01,REGISTRY,Registered phone
R0809,P234,PH234,USES_PHONE,0.99,2026-01-01,REGISTRY,Registered phone
R0810,P235,PH235,USES_PHONE,0.99,2026-01-01,REGISTRY,Registered phone
R0811,P236,PH236,USES_PHONE,0.99,2026-01-01,REGISTRY,Registered phone
R0812,P237,PH237,USES_PHONE,0.99,2026-01-01,REGISTRY,Registered phone
R0813,P238,PH238,USES_PHONE,0.99,2026-01-01,REGISTRY,Registered phone
R0814,P239,PH239,USES_PHONE,0.99,2026-01-01,REGISTRY,Registered phone
R0815,P240,PH240,USES_PHONE,0.99,2026-01-01,REGISTRY,Registered phone
R0816,P241,PH241,USES_PHONE,0.99,2026-01-01,REGISTRY,Registered phone
R0817,P242,PH242,USES_PHONE,0.99,2026-01-01,REGISTRY,Registered phone
R0818,P243,PH243,USES_PHONE,0.99,2026-01-01,REGISTRY,Registered phone
R0819,P244,PH244,USES_PHONE,0.99,2026-01-01,REGISTRY,Registered phone
R0820,P245,PH245,USES_PHONE,0.99,2026-01-01,REGISTRY,Registered phone
R0821,P246,PH246,USES_PHONE,0.99,2026-01-01,REGISTRY,Registered phone
R0822,P247,PH247,USES_PHONE,0.99,2026-01-01,REGISTRY,Registered phone
R0823,P248,PH248,USES_PHONE,0.99,2026-01-01,REGISTRY,Registered phone
R0824,P249,PH249,USES_PHONE,0.99,2026-01-01,REGISTRY,Registered phone
R0825,P250,PH250,USES_PHONE,0.99,2026-01-01,REGISTRY,Registered phone
R0826,P251,PH251,USES_PHONE,0.99,2026-01-01,REGISTRY,Registered phone
R0827,P252,PH252,USES_PHONE,0.99,2026-01-01,REGISTRY,Registered phone
R0828,P253,PH253,USES_PHONE,0.99,2026-01-01,REGISTRY,Registered phone
R0829,P254,PH254,USES_PHONE,0.99,2026-01-01,REGISTRY,Registered phone
R0830,P255,PH255,USES_PHONE,0.99,2026-01-01,REGISTRY,Registered phone
R0831,P256,PH256,USES_PHONE,0.99,2026-01-01,REGISTRY,Registered phone
R0832,P257,PH257,USES_PHONE,0.99,2026-01-01,REGISTRY,Registered phone
R0833,P258,PH258,USES_PHONE,0.99,2026-01-01,REGISTRY,Registered phone
R0834,P259,PH259,USES_PHONE,0.99,2026-01-01,REGISTRY,Registered phone
R0835,P260,PH260,USES_PHONE,0.99,2026-01-01,REGISTRY,Registered phone
R0836,P261,PH261,USES_PHONE,0.99,2026-01-01,REGISTRY,Registered phone
R0837,P262,PH262,USES_PHONE,0.99,2026-01-01,REGISTRY,Registered phone
R0838,P263,PH263,USES_PHONE,0.99,2026-01-01,REGISTRY,Registered phone
R0839,P264,PH264,USES_PHONE,0.99,2026-01-01,REGISTRY,Registered phone
R0840,P265,PH265,USES_PHONE,0.99,2026-01-01,REGISTRY,Registered phone
R0841,P266,PH266,USES_PHONE,0.99,2026-01-01,REGISTRY,Registered phone
R0842,P267,PH267,USES_PHONE,0.99,2026-01-01,REGISTRY,Registered phone
R0843,P268,PH268,USES_PHONE,0.99,2026-01-01,REGISTRY,Registered phone
R0844,P269,PH269,USES_PHONE,0.99,2026-01-01,REGISTRY,Registered phone
R0845,P270,PH270,USES_PHONE,0.99,2026-01-01,REGISTRY,Registered phone
R0846,P271,PH271,USES_PHONE,0.99,2026-01-01,REGISTRY,Registered phone
R0847,P272,PH272,USES_PHONE,0.99,2026-01-01,REGISTRY,Registered phone
R0848,P273,PH273,USES_PHONE,0.99,2026-01-01,REGISTRY,Registered phone
R0849,P274,PH274,USES_PHONE,0.99,2026-01-01,REGISTRY,Registered phone
R0850,P275,PH275,USES_PHONE,0.99,2026-01-01,REGISTRY,Registered phone
R0851,P276,PH276,USES_PHONE,0.99,2026-01-01,REGISTRY,Registered phone
R0852,P277,PH277,USES_PHONE,0.99,2026-01-01,REGISTRY,Registered phone
R0853,P278,PH278,USES_PHONE,0.99,2026-01-01,REGISTRY,Registered phone
R0854,P279,PH279,USES_PHONE,0.99,2026-01-01,REGISTRY,Registered phone
R0855,P280,PH280,USES_PHONE,0.99,2026-01-01,REGISTRY,Registered phone
R0856,P281,PH281,USES_PHONE,0.99,2026-01-01,REGISTRY,Registered phone
R0857,P282,PH282,USES_PHONE,0.99,2026-01-01,REGISTRY,Registered phone
R0858,P283,PH283,USES_PHONE,0.99,2026-01-01,REGISTRY,Registered phone
R0859,P284,PH284,USES_PHONE,0.99,2026-01-01,REGISTRY,Registered phone
R0860,P285,PH285,USES_PHONE,0.99,2026-01-01,REGISTRY,Registered phone
R0861,P286,PH286,USES_PHONE,0.99,2026-01-01,REGISTRY,Registered phone
R0862,P287,PH287,USES_PHONE,0.99,2026-01-01,REGISTRY,Registered phone
R0863,P288,PH288,USES_PHONE,0.99,2026-01-01,REGISTRY,Registered phone
R0864,P289,PH289,USES_PHONE,0.99,2026-01-01,REGISTRY,Registered phone
R0865,P290,PH290,USES_PHONE,0.99,2026-01-01,REGISTRY,Registered phone
R0866,P291,PH291,USES_PHONE,0.99,2026-01-01,REGISTRY,Registered phone
R0867,P292,PH292,USES_PHONE,0.99,2026-01-01,REGISTRY,Registered phone
R0868,P293,PH293,USES_PHONE,0.99,2026-01-01,REGISTRY,Registered phone
R0869,P294,PH294,USES_PHONE,0.99,2026-01-01,REGISTRY,Registered phone
R0870,P295,PH295,USES_PHONE,0.99,2026-01-01,REGISTRY,Registered phone
R0871,P296,PH296,USES_PHONE,0.99,2026-01-01,REGISTRY,Registered phone
R0872,P297,PH297,USES_PHONE,0.99,2026-01-01,REGISTRY,Registered phone
R0873,P298,PH298,USES_PHONE,0.99,2026-01-01,REGISTRY,Registered phone
R0874,P299,PH299,USES_PHONE,0.99,2026-01-01,REGISTRY,Registered phone
R0875,P300,PH300,USES_PHONE,0.99,2026-01-01,REGISTRY,Registered phone
R0876,P086,V001,OWNS_VEHICLE,0.99,2026-01-01,REGISTRY,Registered vehicle
R0877,P010,V002,OWNS_VEHICLE,0.99,2026-01-01,REGISTRY,Registered vehicle
R0878,P311,V003,OWNS_VEHICLE,0.99,2026-01-01,REGISTRY,Registered vehicle
R0879,P407,V004,OWNS_VEHICLE,0.99,2026-01-01,REGISTRY,Registered vehicle
R0880,P352,V005,OWNS_VEHICLE,0.99,2026-01-01,REGISTRY,Registered vehicle
R0881,P068,V006,OWNS_VEHICLE,0.99,2026-01-01,REGISTRY,Registered vehicle
R0882,P311,V007,OWNS_VEHICLE,0.99,2026-01-01,REGISTRY,Registered vehicle
R0883,P048,V008,OWNS_VEHICLE,0.99,2026-01-01,REGISTRY,Registered vehicle
R0884,P216,V009,OWNS_VEHICLE,0.99,2026-01-01,REGISTRY,Registered vehicle
R0885,P405,V010,OWNS_VEHICLE,0.99,2026-01-01,REGISTRY,Registered vehicle
R0886,P245,V011,OWNS_VEHICLE,0.99,2026-01-01,REGISTRY,Registered vehicle
R0887,P132,V012,OWNS_VEHICLE,0.99,2026-01-01,REGISTRY,Registered vehicle
R0888,P267,V013,OWNS_VEHICLE,0.99,2026-01-01,REGISTRY,Registered vehicle
R0889,P055,V014,OWNS_VEHICLE,0.99,2026-01-01,REGISTRY,Registered vehicle
R0890,P290,V015,OWNS_VEHICLE,0.99,2026-01-01,REGISTRY,Registered vehicle
R0891,P402,V016,OWNS_VEHICLE,0.99,2026-01-01,REGISTRY,Registered vehicle
R0892,P130,V017,OWNS_VEHICLE,0.99,2026-01-01,REGISTRY,Registered vehicle
R0893,P118,V018,OWNS_VEHICLE,0.99,2026-01-01,REGISTRY,Registered vehicle
R0894,P206,V019,OWNS_VEHICLE,0.99,2026-01-01,REGISTRY,Registered vehicle
R0895,P003,V020,OWNS_VEHICLE,0.99,2026-01-01,REGISTRY,Registered vehicle
R0896,P114,V021,OWNS_VEHICLE,0.99,2026-01-01,REGISTRY,Registered vehicle
R0897,P336,V022,OWNS_VEHICLE,0.99,2026-01-01,REGISTRY,Registered vehicle
R0898,P006,V023,OWNS_VEHICLE,0.99,2026-01-01,REGISTRY,Registered vehicle
R0899,P402,V024,OWNS_VEHICLE,0.99,2026-01-01,REGISTRY,Registered vehicle
R0900,P019,V025,OWNS_VEHICLE,0.99,2026-01-01,REGISTRY,Registered vehicle
R0901,P400,V026,OWNS_VEHICLE,0.99,2026-01-01,REGISTRY,Registered vehicle
R0902,P266,V027,OWNS_VEHICLE,0.99,2026-01-01,REGISTRY,Registered vehicle
R0903,P372,V028,OWNS_VEHICLE,0.99,2026-01-01,REGISTRY,Registered vehicle
R0904,P494,V029,OWNS_VEHICLE,0.99,2026-01-01,REGISTRY,Registered vehicle
R0905,P260,V030,OWNS_VEHICLE,0.99,2026-01-01,REGISTRY,Registered vehicle
R0906,P412,V031,OWNS_VEHICLE,0.99,2026-01-01,REGISTRY,Registered vehicle
R0907,P248,V032,OWNS_VEHICLE,0.99,2026-01-01,REGISTRY,Registered vehicle
R0908,P442,V033,OWNS_VEHICLE,0.99,2026-01-01,REGISTRY,Registered vehicle
R0909,P404,V034,OWNS_VEHICLE,0.99,2026-01-01,REGISTRY,Registered vehicle
R0910,P265,V035,OWNS_VEHICLE,0.99,2026-01-01,REGISTRY,Registered vehicle
R0911,P205,V036,OWNS_VEHICLE,0.99,2026-01-01,REGISTRY,Registered vehicle
R0912,P161,V037,OWNS_VEHICLE,0.99,2026-01-01,REGISTRY,Registered vehicle
R0913,P378,V038,OWNS_VEHICLE,0.99,2026-01-01,REGISTRY,Registered vehicle
R0914,P104,V039,OWNS_VEHICLE,0.99,2026-01-01,REGISTRY,Registered vehicle
R0915,P347,V040,OWNS_VEHICLE,0.99,2026-01-01,REGISTRY,Registered vehicle
R0916,P191,V041,OWNS_VEHICLE,0.99,2026-01-01,REGISTRY,Registered vehicle
R0917,P144,V042,OWNS_VEHICLE,0.99,2026-01-01,REGISTRY,Registered vehicle
R0918,P245,V043,OWNS_VEHICLE,0.99,2026-01-01,REGISTRY,Registered vehicle
R0919,P500,V044,OWNS_VEHICLE,0.99,2026-01-01,REGISTRY,Registered vehicle
R0920,P346,V045,OWNS_VEHICLE,0.99,2026-01-01,REGISTRY,Registered vehicle
R0921,P442,V046,OWNS_VEHICLE,0.99,2026-01-01,REGISTRY,Registered vehicle
R0922,P491,V047,OWNS_VEHICLE,0.99,2026-01-01,REGISTRY,Registered vehicle
R0923,P215,V048,OWNS_VEHICLE,0.99,2026-01-01,REGISTRY,Registered vehicle
R0924,P093,V049,OWNS_VEHICLE,0.99,2026-01-01,REGISTRY,Registered vehicle
R0925,P285,V050,OWNS_VEHICLE,0.99,2026-01-01,REGISTRY,Registered vehicle
R0926,P091,V051,OWNS_VEHICLE,0.99,2026-01-01,REGISTRY,Registered vehicle
R0927,P154,V052,OWNS_VEHICLE,0.99,2026-01-01,REGISTRY,Registered vehicle
R0928,P084,V053,OWNS_VEHICLE,0.99,2026-01-01,REGISTRY,Registered vehicle
R0929,P172,V054,OWNS_VEHICLE,0.99,2026-01-01,REGISTRY,Registered vehicle
R0930,P063,V055,OWNS_VEHICLE,0.99,2026-01-01,REGISTRY,Registered vehicle
R0931,P333,V056,OWNS_VEHICLE,0.99,2026-01-01,REGISTRY,Registered vehicle
R0932,P262,V057,OWNS_VEHICLE,0.99,2026-01-01,REGISTRY,Registered vehicle
R0933,P147,V058,OWNS_VEHICLE,0.99,2026-01-01,REGISTRY,Registered vehicle
R0934,P314,V059,OWNS_VEHICLE,0.99,2026-01-01,REGISTRY,Registered vehicle
R0935,P161,V060,OWNS_VEHICLE,0.99,2026-01-01,REGISTRY,Registered vehicle
R0936,P455,V061,OWNS_VEHICLE,0.99,2026-01-01,REGISTRY,Registered vehicle
R0937,P095,V062,OWNS_VEHICLE,0.99,2026-01-01,REGISTRY,Registered vehicle
R0938,P086,V063,OWNS_VEHICLE,0.99,2026-01-01,REGISTRY,Registered vehicle
R0939,P014,V064,OWNS_VEHICLE,0.99,2026-01-01,REGISTRY,Registered vehicle
R0940,P080,V065,OWNS_VEHICLE,0.99,2026-01-01,REGISTRY,Registered vehicle
R0941,P146,V066,OWNS_VEHICLE,0.99,2026-01-01,REGISTRY,Registered vehicle
R0942,P018,V067,OWNS_VEHICLE,0.99,2026-01-01,REGISTRY,Registered vehicle
R0943,P281,V068,OWNS_VEHICLE,0.99,2026-01-01,REGISTRY,Registered vehicle
R0944,P234,V069,OWNS_VEHICLE,0.99,2026-01-01,REGISTRY,Registered vehicle
R0945,P466,V070,OWNS_VEHICLE,0.99,2026-01-01,REGISTRY,Registered vehicle
R0946,P188,V071,OWNS_VEHICLE,0.99,2026-01-01,REGISTRY,Registered vehicle
R0947,P418,V072,OWNS_VEHICLE,0.99,2026-01-01,REGISTRY,Registered vehicle
R0948,P353,V073,OWNS_VEHICLE,0.99,2026-01-01,REGISTRY,Registered vehicle
R0949,P306,V074,OWNS_VEHICLE,0.99,2026-01-01,REGISTRY,Registered vehicle
R0950,P452,V075,OWNS_VEHICLE,0.99,2026-01-01,REGISTRY,Registered vehicle
R0951,P113,V076,OWNS_VEHICLE,0.99,2026-01-01,REGISTRY,Registered vehicle
R0952,P351,V077,OWNS_VEHICLE,0.99,2026-01-01,REGISTRY,Registered vehicle
R0953,P437,V078,OWNS_VEHICLE,0.99,2026-01-01,REGISTRY,Registered vehicle
R0954,P232,V079,OWNS_VEHICLE,0.99,2026-01-01,REGISTRY,Registered vehicle
R0955,P078,V080,OWNS_VEHICLE,0.99,2026-01-01,REGISTRY,Registered vehicle
R0956,P065,V081,OWNS_VEHICLE,0.99,2026-01-01,REGISTRY,Registered vehicle
R0957,P008,V082,OWNS_VEHICLE,0.99,2026-01-01,REGISTRY,Registered vehicle
R0958,P238,V083,OWNS_VEHICLE,0.99,2026-01-01,REGISTRY,Registered vehicle
R0959,P137,V084,OWNS_VEHICLE,0.99,2026-01-01,REGISTRY,Registered vehicle
R0960,P419,V085,OWNS_VEHICLE,0.99,2026-01-01,REGISTRY,Registered vehicle
R0961,P378,V086,OWNS_VEHICLE,0.99,2026-01-01,REGISTRY,Registered vehicle
R0962,P200,V087,OWNS_VEHICLE,0.99,2026-01-01,REGISTRY,Registered vehicle
R0963,P063,V088,OWNS_VEHICLE,0.99,2026-01-01,REGISTRY,Registered vehicle
R0964,P443,V089,OWNS_VEHICLE,0.99,2026-01-01,REGISTRY,Registered vehicle
R0965,P086,V090,OWNS_VEHICLE,0.99,2026-01-01,REGISTRY,Registered vehicle
R0966,P298,V091,OWNS_VEHICLE,0.99,2026-01-01,REGISTRY,Registered vehicle
R0967,P081,V092,OWNS_VEHICLE,0.99,2026-01-01,REGISTRY,Registered vehicle
R0968,P331,V093,OWNS_VEHICLE,0.99,2026-01-01,REGISTRY,Registered vehicle
R0969,P163,V094,OWNS_VEHICLE,0.99,2026-01-01,REGISTRY,Registered vehicle
R0970,P353,V095,OWNS_VEHICLE,0.99,2026-01-01,REGISTRY,Registered vehicle
R0971,P362,V096,OWNS_VEHICLE,0.99,2026-01-01,REGISTRY,Registered vehicle
R0972,P096,V097,OWNS_VEHICLE,0.99,2026-01-01,REGISTRY,Registered vehicle
R0973,P083,V098,OWNS_VEHICLE,0.99,2026-01-01,REGISTRY,Registered vehicle
R0974,P188,V099,OWNS_VEHICLE,0.99,2026-01-01,REGISTRY,Registered vehicle
R0975,P318,V100,OWNS_VEHICLE,0.99,2026-01-01,REGISTRY,Registered vehicle
R0976,P496,V101,OWNS_VEHICLE,0.99,2026-01-01,REGISTRY,Registered vehicle
R0977,P314,V102,OWNS_VEHICLE,0.99,2026-01-01,REGISTRY,Registered vehicle
R0978,P338,V103,OWNS_VEHICLE,0.99,2026-01-01,REGISTRY,Registered vehicle
R0979,P249,V104,OWNS_VEHICLE,0.99,2026-01-01,REGISTRY,Registered vehicle
R0980,P360,V105,OWNS_VEHICLE,0.99,2026-01-01,REGISTRY,Registered vehicle
R0981,P037,V106,OWNS_VEHICLE,0.99,2026-01-01,REGISTRY,Registered vehicle
R0982,P032,V107,OWNS_VEHICLE,0.99,2026-01-01,REGISTRY,Registered vehicle
R0983,P137,V108,OWNS_VEHICLE,0.99,2026-01-01,REGISTRY,Registered vehicle
R0984,P492,V109,OWNS_VEHICLE,0.99,2026-01-01,REGISTRY,Registered vehicle
R0985,P099,V110,OWNS_VEHICLE,0.99,2026-01-01,REGISTRY,Registered vehicle
R0986,P383,V111,OWNS_VEHICLE,0.99,2026-01-01,REGISTRY,Registered vehicle
R0987,P086,V112,OWNS_VEHICLE,0.99,2026-01-01,REGISTRY,Registered vehicle
R0988,P308,V113,OWNS_VEHICLE,0.99,2026-01-01,REGISTRY,Registered vehicle
R0989,P221,V114,OWNS_VEHICLE,0.99,2026-01-01,REGISTRY,Registered vehicle
R0990,P193,V115,OWNS_VEHICLE,0.99,2026-01-01,REGISTRY,Registered vehicle
R0991,P492,V116,OWNS_VEHICLE,0.99,2026-01-01,REGISTRY,Registered vehicle
R0992,P266,V117,OWNS_VEHICLE,0.99,2026-01-01,REGISTRY,Registered vehicle
R0993,P012,V118,OWNS_VEHICLE,0.99,2026-01-01,REGISTRY,Registered vehicle
R0994,P080,V119,OWNS_VEHICLE,0.99,2026-01-01,REGISTRY,Registered vehicle
R0995,P188,V120,OWNS_VEHICLE,0.99,2026-01-01,REGISTRY,Registered vehicle
R0996,P205,V121,OWNS_VEHICLE,0.99,2026-01-01,REGISTRY,Registered vehicle
R0997,P250,V122,OWNS_VEHICLE,0.99,2026-01-01,REGISTRY,Registered vehicle
R0998,P375,V123,OWNS_VEHICLE,0.99,2026-01-01,REGISTRY,Registered vehicle
R0999,P214,V124,OWNS_VEHICLE,0.99,2026-01-01,REGISTRY,Registered vehicle
R1000,P269,V125,OWNS_VEHICLE,0.99,2026-01-01,REGISTRY,Registered vehicle
R1001,P114,V126,OWNS_VEHICLE,0.99,2026-01-01,REGISTRY,Registered vehicle
R1002,P259,V127,OWNS_VEHICLE,0.99,2026-01-01,REGISTRY,Registered vehicle
R1003,P173,V128,OWNS_VEHICLE,0.99,2026-01-01,REGISTRY,Registered vehicle
R1004,P044,V129,OWNS_VEHICLE,0.99,2026-01-01,REGISTRY,Registered vehicle
R1005,P102,V130,OWNS_VEHICLE,0.99,2026-01-01,REGISTRY,Registered vehicle
R1006,P269,V131,OWNS_VEHICLE,0.99,2026-01-01,REGISTRY,Registered vehicle
R1007,P474,V132,OWNS_VEHICLE,0.99,2026-01-01,REGISTRY,Registered vehicle
R1008,P098,V133,OWNS_VEHICLE,0.99,2026-01-01,REGISTRY,Registered vehicle
R1009,P316,V134,OWNS_VEHICLE,0.99,2026-01-01,REGISTRY,Registered vehicle
R1010,P351,V135,OWNS_VEHICLE,0.99,2026-01-01,REGISTRY,Registered vehicle
R1011,P486,V136,OWNS_VEHICLE,0.99,2026-01-01,REGISTRY,Registered vehicle
R1012,P231,V137,OWNS_VEHICLE,0.99,2026-01-01,REGISTRY,Registered vehicle
R1013,P280,V138,OWNS_VEHICLE,0.99,2026-01-01,REGISTRY,Registered vehicle
R1014,P073,V139,OWNS_VEHICLE,0.99,2026-01-01,REGISTRY,Registered vehicle
R1015,P270,V140,OWNS_VEHICLE,0.99,2026-01-01,REGISTRY,Registered vehicle
R1016,P317,V141,OWNS_VEHICLE,0.99,2026-01-01,REGISTRY,Registered vehicle
R1017,P139,V142,OWNS_VEHICLE,0.99,2026-01-01,REGISTRY,Registered vehicle
R1018,P198,V143,OWNS_VEHICLE,0.99,2026-01-01,REGISTRY,Registered vehicle
R1019,P273,V144,OWNS_VEHICLE,0.99,2026-01-01,REGISTRY,Registered vehicle
R1020,P012,V145,OWNS_VEHICLE,0.99,2026-01-01,REGISTRY,Registered vehicle
R1021,P382,V146,OWNS_VEHICLE,0.99,2026-01-01,REGISTRY,Registered vehicle
R1022,P257,V147,OWNS_VEHICLE,0.99,2026-01-01,REGISTRY,Registered vehicle
R1023,P486,V148,OWNS_VEHICLE,0.99,2026-01-01,REGISTRY,Registered vehicle
R1024,P374,V149,OWNS_VEHICLE,0.99,2026-01-01,REGISTRY,Registered vehicle
R1025,P079,V150,OWNS_VEHICLE,0.99,2026-01-01,REGISTRY,Registered vehicle
