report_id,case_id,title,filename,source_type,filing_date,officer
RPT001,C001,Intelligence Report for Case 1,INTELLIGENCE_C001.txt,Intelligence,2026-01-11,Officer 15
RPT002,C002,FIR Report for Case 2,FIR_C002.txt,FIR,2026-02-04,Officer 09
RPT003,C003,Intelligence Report for Case 3,INTELLIGENCE_C003.txt,Intelligence,2026-08-15,Officer 22
RPT004,C004,Intelligence Report for Case 4,INTELLIGENCE_C004.txt,Intelligence,2026-04-04,Officer 22
RPT005,C005,Financial Report for Case 5,FINANCIAL_C005.txt,Financial,2026-08-02,Officer 14
RPT006,C006,Intelligence Report for Case 6,INTELLIGENCE_C006.txt,Intelligence,2026-01-18,Officer 22
RPT007,C007,Intelligence Report for Case 7,INTELLIGENCE_C007.txt,Intelligence,2026-07-27,Officer 09
RPT008,C008,FIR Report for Case 8,FIR_C008.txt,FIR,2026-03-20,Officer 05
RPT009,C009,Surveillance Report for Case 9,SURVEILLANCE_C009.txt,Surveillance,2026-08-18,Officer 01
RPT010,C010,Financial Report for Case 10,FINANCIAL_C010.txt,Financial,2026-08-15,Officer 23
RPT011,C011,Surveillance Report for Case 11,SURVEILLANCE_C011.txt,Surveillance,2026-04-15,Officer 09
RPT012,C012,Financial Report for Case 12,FINANCIAL_C012.txt,Financial,2026-07-17,Officer 20
RPT013,C013,Intelligence Report for Case 13,INTELLIGENCE_C013.txt,Intelligence,2026-07-06,Officer 18
RPT014,C014,Intelligence Report for Case 14,INTELLIGENCE_C014.txt,Intelligence,2026-03-23,Officer 09
RPT015,C015,Surveillance Report for Case 15,SURVEILLANCE_C015.txt,Surveillance,2026-01-19,Officer 01
RPT016,C016,Intelligence Report for Case 16,INTELLIGENCE_C016.txt,Intelligence,2026-06-09,Officer 03
RPT017,C017,Intelligence Report for Case 17,INTELLIGENCE_C017.txt,Intelligence,2026-06-01,Officer 11
RPT018,C018,FIR Report for Case 18,FIR_C018.txt,FIR,2026-04-13,Officer 07
RPT019,C019,Intelligence Report for Case 19,INTELLIGENCE_C019.txt,Intelligence,2026-02-03,Officer 05
RPT020,C020,Financial Report for Case 20,FINANCIAL_C020.txt,Financial,2026-08-25,Officer 13
RPT021,C021,FIR Report for Case 21,FIR_C021.txt,FIR,2026-01-18,Officer 09
RPT022,C022,Surveillance Report for Case 22,SURVEILLANCE_C022.txt,Surveillance,2026-03-10,Officer 18
RPT023,C023,Intelligence Report for Case 23,INTELLIGENCE_C023.txt,Intelligence,2026-02-21,Officer 10
RPT024,C024,Surveillance Report for Case 24,SURVEILLANCE_C024.txt,Surveillance,2026-02-14,Officer 15
RPT025,C025,Financial Report for Case 25,FINANCIAL_C025.txt,Financial,2026-05-22,Officer 02
RPT026,C026,Surveillance Report for Case 26,SURVEILLANCE_C026.txt,Surveillance,2026-04-22,Officer 22
RPT027,C027,FIR Report for Case 27,FIR_C027.txt,FIR,2026-07-21,Officer 12
RPT028,C028,Surveillance Report for Case 28,SURVEILLANCE_C028.txt,Surveillance,2026-02-26,Officer 16
RPT029,C029,Surveillance Report for Case 29,SURVEILLANCE_C029.txt,Surveillance,2026-02-12,Officer 04
RPT030,C030,FIR Report for Case 30,FIR_C030.txt,FIR,2026-02-23,Officer 17
RPT031,C031,Surveillance Report for Case 31,SURVEILLANCE_C031.txt,Surveillance,2026-01-01,Officer 13
RPT032,C032,Financial Report for Case 32,FINANCIAL_C032.txt,Financial,2026-01-10,Officer 15
RPT033,C033,Intelligence Report for Case 33,INTELLIGENCE_C033.txt,Intelligence,2026-05-10,Officer 24
RPT034,C034,Financial Report for Case 34,FINANCIAL_C034.txt,Financial,2026-06-22,Officer 02
RPT035,C035,FIR Report for Case 35,FIR_C035.txt,FIR,2026-02-20,Officer 11
RPT036,C036,Surveillance Report for Case 36,SURVEILLANCE_C036.txt,Surveillance,2026-05-05,Officer 20
RPT037,C037,Intelligence Report for Case 37,INTELLIGENCE_C037.txt,Intelligence,2026-02-28,Officer 18
RPT038,C038,FIR Report for Case 38,FIR_C038.txt,FIR,2026-03-14,Officer 20
RPT039,C039,FIR Report for Case 39,FIR_C039.txt,FIR,2026-07-22,Officer 01
RPT040,C040,FIR Report for Case 40,FIR_C040.txt,FIR,2026-07-27,Officer 21
RPT041,C041,FIR Report for Case 41,FIR_C041.txt,FIR,2026-05-28,Officer 10
RPT042,C042,FIR Report for Case 42,FIR_C042.txt,FIR,2026-07-28,Officer 14
RPT043,C043,Intelligence Report for Case 43,INTELLIGENCE_C043.txt,Intelligence,2026-02-16,Officer 04
RPT044,C044,Intelligence Report for Case 44,INTELLIGENCE_C044.txt,Intelligence,2026-03-27,Officer 22
RPT045,C045,Financial Report for Case 45,FINANCIAL_C045.txt,Financial,2026-01-14,Officer 06
RPT046,C046,Intelligence Report for Case 46,INTELLIGENCE_C046.txt,Intelligence,2026-01-11,Officer 02
RPT047,C047,Financial Report for Case 47,FINANCIAL_C047.txt,Financial,2026-03-09,Officer 18
RPT048,C048,FIR Report for Case 48,FIR_C048.txt,FIR,2026-08-16,Officer 09
RPT049,C049,Financial Report for Case 49,FINANCIAL_C049.txt,Financial,2026-08-06,Officer 23
RPT050,C050,Financial Report for Case 50,FINANCIAL_C050.txt,Financial,2026-01-08,Officer 01
RPT051,C051,FIR Report for Case 51,FIR_C051.txt,FIR,2026-02-12,Officer 07
RPT052,C052,FIR Report for Case 52,FIR_C052.txt,FIR,2026-07-03,Officer 24
RPT053,C053,Intelligence Report for Case 53,INTELLIGENCE_C053.txt,Intelligence,2026-07-06,Officer 12
RPT054,C054,Surveillance Report for Case 54,SURVEILLANCE_C054.txt,Surveillance,2026-05-20,Officer 22
RPT055,C055,Financial Report for Case 55,FINANCIAL_C055.txt,Financial,2026-08-14,Officer 21
RPT056,C056,Financial Report for Case 56,FINANCIAL_C056.txt,Financial,2026-02-20,Officer 21
RPT057,C057,Financial Report for Case 57,FINANCIAL_C057.txt,Financial,2026-06-28,Officer 19
RPT058,C058,Surveillance Report for Case 58,SURVEILLANCE_C058.txt,Surveillance,2026-06-03,Officer 06
RPT059,C059,FIR Report for Case 59,FIR_C059.txt,FIR,2026-01-05,Officer 03
RPT060,C060,Intelligence Report for Case 60,INTELLIGENCE_C060.txt,Intelligence,2026-04-09,Officer 08
RPT061,C061,Surveillance Report for Case 61,SURVEILLANCE_C061.txt,Surveillance,2026-08-25,Officer 05
RPT062,C062,Intelligence Report for Case 62,INTELLIGENCE_C062.txt,Intelligence,2026-08-02,Officer 23
RPT063,C063,Financial Report for Case 63,FINANCIAL_C063.txt,Financial,2026-05-28,Officer 19
RPT064,C064,Surveillance Report for Case 64,SURVEILLANCE_C064.txt,Surveillance,2026-03-08,Officer 14
RPT065,C065,Financial Report for Case 65,FINANCIAL_C065.txt,Financial,2026-06-09,Officer 24
RPT066,C066,Surveillance Report for Case 66,SURVEILLANCE_C066.txt,Surveillance,2026-05-09,Officer 23
RPT067,C067,Surveillance Report for Case 67,SURVEILLANCE_C067.txt,Surveillance,2026-04-17,Officer 03
RPT068,C068,FIR Report for Case 68,FIR_C068.txt,FIR,2026-02-11,Officer 04
RPT069,C069,Financial Report for Case 69,FINANCIAL_C069.txt,Financial,2026-07-20,Officer 16
RPT070,C070,Financial Report for Case 70,FINANCIAL_C070.txt,Financial,2026-02-22,Officer 25
RPT071,C071,Financial Report for Case 71,FINANCIAL_C071.txt,Financial,2026-04-20,Officer 04
RPT072,C072,Financial Report for Case 72,FINANCIAL_C072.txt,Financial,2026-04-06,Officer 12
RPT073,C073,Surveillance Report for Case 73,SURVEILLANCE_C073.txt,Surveillance,2026-06-01,Officer 16
RPT074,C074,Surveillance Report for Case 74,SURVEILLANCE_C074.txt,Surveillance,2026-08-08,Officer 20
RPT075,C075,FIR Report for Case 75,FIR_C075.txt,FIR,2026-06-06,Officer 15
RPT076,C076,Financial Report for Case 76,FINANCIAL_C076.txt,Financial,2026-04-05,Officer 05
RPT077,C077,Financial Report for Case 77,FINANCIAL_C077.txt,Financial,2026-05-23,Officer 08
RPT078,C078,Surveillance Report for Case 78,SURVEILLANCE_C078.txt,Surveillance,2026-04-19,Officer 04
RPT079,C079,Financial Report for Case 79,FINANCIAL_C079.txt,Financial,2026-08-26,Officer 24
RPT080,C080,Intelligence Report for Case 80,INTELLIGENCE_C080.txt,Intelligence,2026-07-06,Officer 11
RPT081,C081,FIR Report for Case 81,FIR_C081.txt,FIR,2026-04-08,Officer 16
RPT082,C082,Financial Report for Case 82,FINANCIAL_C082.txt,Financial,2026-01-14,Officer 01
RPT083,C083,Financial Report for Case 83,FINANCIAL_C083.txt,Financial,2026-06-25,Officer 23
RPT084,C084,Financial Report for Case 84,FINANCIAL_C084.txt,Financial,2026-01-10,Officer 24
RPT085,C085,Surveillance Report for Case 85,SURVEILLANCE_C085.txt,Surveillance,2026-05-02,Officer 20
RPT086,C086,Intelligence Report for Case 86,INTELLIGENCE_C086.txt,Intelligence,2026-03-17,Officer 22
RPT087,C087,Intelligence Report for Case 87,INTELLIGENCE_C087.txt,Intelligence,2026-06-24,Officer 06
RPT088,C088,Financial Report for Case 88,FINANCIAL_C088.txt,Financial,2026-08-24,Officer 17
RPT089,C089,Surveillance Report for Case 89,SURVEILLANCE_C089.txt,Surveillance,2026-04-28,Officer 19
RPT090,C090,Intelligence Report for Case 90,INTELLIGENCE_C090.txt,Intelligence,2026-07-25,Officer 01
RPT091,C091,Surveillance Report for Case 91,SURVEILLANCE_C091.txt,Surveillance,2026-06-28,Officer 21
RPT092,C092,Intelligence Report for Case 92,INTELLIGENCE_C092.txt,Intelligence,2026-04-13,Officer 24
RPT093,C093,FIR Report for Case 93,FIR_C093.txt,FIR,2026-01-12,Officer 17
RPT094,C094,Financial Report for Case 94,FINANCIAL_C094.txt,Financial,2026-03-27,Officer 18
RPT095,C095,Surveillance Report for Case 95,SURVEILLANCE_C095.txt,Surveillance,2026-03-25,Officer 14
RPT096,C096,Surveillance Report for Case 96,SURVEILLANCE_C096.txt,Surveillance,2026-02-14,Officer 23
RPT097,C097,Intelligence Report for Case 97,INTELLIGENCE_C097.txt,Intelligence,2026-01-03,Officer 12
RPT098,C098,FIR Report for Case 98,FIR_C098.txt,FIR,2026-04-28,Officer 12
RPT099,C099,Surveillance Report for Case 99,SURVEILLANCE_C099.txt,Surveillance,2026-08-24,Officer 21
RPT100,C100,FIR Report for Case 100,FIR_C100.txt,FIR,2026-04-27,Officer 25
